Data,Otwarcie,Najwyzszy,Najnizszy,Zamkniecie
2010-07-19,0.08584,0.09307,0.07723,0.0808
2010-07-20,0.0808,0.08181,0.07426,0.07474
2010-07-21,0.07474,0.07921,0.06634,0.07921
2010-07-22,0.07921,0.08181,0.0505,0.0505
2010-07-23,0.0505,0.06767,0.0505,0.06262
2010-07-26,0.0505,0.056,0.05,0.056
2010-07-27,0.056,0.0605,0.053,0.06
2010-07-28,0.06,0.062,0.054,0.0589
2010-07-29,0.0589,0.0699,0.0571,0.0699
2010-07-30,0.0699,0.0699,0.0582,0.0627
2010-08-02,0.0611,0.0633,0.06,0.06
2010-08-03,0.06,0.065,0.059,0.06
2010-08-04,0.06,0.06231,0.057,0.057
2010-08-05,0.057,0.061,0.057,0.061
2010-08-06,0.061,0.0624,0.0607,0.0623
2010-08-09,0.0609,0.0735,0.0593,0.071
2010-08-10,0.071,0.071,0.06651,0.07
2010-08-11,0.07,0.07541,0.06,0.067
2010-08-12,0.067,0.07,0.06141,0.07
2010-08-13,0.07,0.07,0.0645,0.0645
2010-08-16,0.06529,0.0679,0.062,0.0655
2010-08-17,0.0655,0.0769,0.06243,0.07
2010-08-18,0.07,0.0733,0.067,0.068
2010-08-19,0.068,0.068,0.0667,0.0667
2010-08-20,0.0667,0.0667,0.065,0.0655
2010-08-23,0.066,0.06689,0.063,0.06491
2010-08-24,0.06491,0.0665,0.06491,0.065
2010-08-25,0.065,0.0665,0.0641,0.0648
2010-08-26,0.0648,0.0658,0.064,0.064
2010-08-27,0.064,0.065,0.063,0.065
2010-08-30,0.064,0.069,0.064,0.06497
2010-08-31,0.06497,0.06497,0.06,0.06
2010-09-01,0.06,0.0629,0.05961,0.0629
2010-09-02,0.0629,0.0634,0.0601,0.0634
2010-09-03,0.0634,0.0634,0.06085,0.06085
2010-09-06,0.0616,0.0627,0.0616,0.0616
2010-09-07,0.0616,0.06201,0.0603,0.061
2010-09-08,0.061,0.062,0.06099,0.062
2010-09-09,0.062,0.0624,0.06109,0.06111
2010-09-10,0.06111,0.0618,0.06014,0.0618
2010-09-13,0.0615,0.064,0.0607,0.06219
2010-09-14,0.06219,0.06219,0.061,0.06199
2010-09-15,0.06199,0.0625,0.0604,0.0604
2010-09-16,0.0604,0.0619,0.0604,0.0619
2010-09-17,0.0619,0.0619,0.059,0.059
2010-09-20,0.0627,0.0634,0.062,0.0621
2010-09-21,0.0621,0.0633,0.0621,0.06265
2010-09-22,0.06265,0.06265,0.06147,0.0622
2010-09-23,0.0622,0.063,0.0615,0.06231
2010-09-24,0.06231,0.0624,0.06209,0.0622
2010-09-27,0.062,0.06228,0.0619,0.0622
2010-09-28,0.0622,0.06271,0.0617,0.0619
2010-09-29,0.0619,0.062,0.0615,0.06191
2010-09-30,0.06191,0.06191,0.06155,0.0619
2010-10-01,0.0619,0.062,0.06189,0.06197
2010-10-04,0.06111,0.062,0.06081,0.0613
2010-10-05,0.0613,0.06301,0.0609,0.0614
2010-10-06,0.0614,0.0635,0.0612,0.06281
2010-10-07,0.06281,0.067,0.0628,0.067
2010-10-08,0.067,0.088,0.067,0.08685
2010-10-11,0.0965,0.103,0.091,0.095
2010-10-12,0.095,0.099,0.082,0.0949
2010-10-13,0.0949,0.105,0.092,0.105
2010-10-14,0.105,0.105,0.102,0.102
2010-10-15,0.102,0.119,0.092,0.105
2010-10-18,0.102,0.103,0.097,0.1024
2010-10-19,0.1024,0.1024,0.097,0.097
2010-10-20,0.097,0.103,0.094,0.099
2010-10-21,0.099,0.109,0.097,0.107
2010-10-22,0.107,0.10901,0.1015,0.1025
2010-10-25,0.11501,0.19,0.09009,0.132
2010-10-26,0.132,0.18,0.132,0.1503
2010-10-27,0.1503,0.19,0.1503,0.1877
2010-10-28,0.1877,0.191,0.1731,0.1731
2010-10-29,0.1731,0.19,0.173,0.19
2010-11-01,0.1925,0.1955,0.172,0.1955
2010-11-02,0.1955,0.1955,0.1905,0.1938
2010-11-03,0.1938,0.275,0.1931,0.1931
2010-11-04,0.1931,0.23601,0.1931,0.23
2010-11-05,0.23,0.2639,0.2101,0.26
2010-11-08,0.34,0.37,0.2261,0.243
2010-11-09,0.243,0.323,0.199,0.21
2010-11-10,0.21,0.24,0.21,0.24
2010-11-11,0.24,0.24,0.21,0.2231
2010-11-12,0.2231,0.29,0.223,0.2682
2010-11-15,0.27904,0.2828,0.2682,0.2682
2010-11-16,0.2682,0.275,0.223,0.223
2010-11-17,0.223,0.29,0.2116,0.2299
2010-11-18,0.2299,0.283,0.2221,0.2678
2010-11-19,0.2678,0.28,0.2678,0.28
2010-11-22,0.27675,0.2879,0.269,0.2879
2010-11-23,0.2879,0.2879,0.276,0.28295
2010-11-24,0.28295,0.28299,0.2761,0.28299
2010-11-25,0.28299,0.28299,0.278,0.28
2010-11-26,0.28,0.289,0.27612,0.2844
2010-11-29,0.27,0.279,0.2151,0.2299
2010-11-30,0.2299,0.2299,0.204,0.2082
2010-12-01,0.2082,0.2299,0.2082,0.2275
2010-12-02,0.2275,0.2553,0.218,0.255
2010-12-03,0.255,0.2552,0.243,0.25105
2010-12-06,0.19,0.225,0.1841,0.204
2010-12-07,0.204,0.2477,0.1701,0.233
2010-12-08,0.233,0.24,0.22,0.2388
2010-12-09,0.2388,0.2388,0.1701,0.2
2010-12-10,0.2,0.204,0.18251,0.204
2010-12-13,0.22,0.23,0.21,0.2299
2010-12-14,0.2299,0.2468,0.21,0.24669
2010-12-15,0.24669,0.24669,0.238,0.23801
2010-12-16,0.23801,0.255,0.22221,0.24996
2010-12-17,0.24996,0.24996,0.24,0.24
2010-12-20,0.2401,0.275,0.24,0.267
2010-12-21,0.267,0.267,0.24,0.24
2010-12-22,0.24,0.25,0.24,0.25
2010-12-23,0.25,0.25,0.241,0.25
2010-12-24,0.25,0.25,0.242,0.248
2010-12-27,0.265,0.27,0.251,0.265
2010-12-28,0.265,0.281,0.2612,0.281
2010-12-29,0.281,0.301,0.271,0.3
2010-12-30,0.3,0.3,0.291,0.3
2010-12-31,0.3,0.3,0.292,0.3
2011-01-03,0.29997,0.29997,0.29,0.295
2011-01-04,0.295,0.29987,0.289,0.29895
2011-01-05,0.29895,0.299,0.29004,0.299
2011-01-06,0.299,0.299,0.29,0.298
2011-01-07,0.298,0.322,0.2975,0.32
2011-01-10,0.323,0.329,0.3175,0.32659
2011-01-11,0.32659,0.32659,0.31761,0.32659
2011-01-12,0.32659,0.3557,0.31799,0.3188
2011-01-13,0.3188,0.405,0.3176,0.3176
2011-01-14,0.3176,0.45,0.3176,0.4
2011-01-17,0.38679,0.38679,0.315,0.3495
2011-01-18,0.3495,0.3495,0.305,0.31299
2011-01-19,0.31299,0.31299,0.305,0.31299
2011-01-20,0.31299,0.39,0.31,0.39
2011-01-21,0.39,0.44,0.368,0.41991
2011-01-24,0.4424,0.4424,0.381,0.4199
2011-01-25,0.4199,0.425,0.4,0.41
2011-01-26,0.41,0.42,0.3904,0.417
2011-01-27,0.417,0.45,0.40851,0.4212
2011-01-28,0.4212,0.446,0.4212,0.446
2011-01-31,0.4799,0.95,0.47,0.52
2011-02-01,0.52,0.85,0.52,0.7
2011-02-02,0.7,0.76,0.69,0.716
2011-02-03,0.716,0.75,0.6501,0.69
2011-02-04,0.69,0.88,0.67,0.811
2011-02-07,0.8997,0.9,0.83,0.89
2011-02-08,0.89,0.918,0.8617,0.918
2011-02-09,0.918,1.09,0.82,1.09
2011-02-10,1.09,1.1,0.8,0.9803
2011-02-11,0.9803,1.0899,0.9264,1.07
2011-02-14,1.05,1.08,1.033,1.07
2011-02-15,1.07,1.085,1.035,1.05
2011-02-16,1.05,1.0502,1.0201,1.045
2011-02-17,1.045,1.0502,1.02,1.04
2011-02-18,1.04,1.0402,0.7801,0.8989
2011-02-21,0.85,0.8796,0.8313,0.8345
2011-02-22,0.8345,0.95,0.8313,0.8702
2011-02-23,0.8702,0.945,0.8681,0.9
2011-02-24,0.9,1,0.9,0.9974
2011-02-25,0.9974,0.9998,0.9111,0.9111
2011-02-28,0.89,0.92,0.845,0.86
2011-03-01,0.86,0.97,0.8502,0.9202
2011-03-02,0.9202,0.94,0.9102,0.9399
2011-03-03,0.9399,0.9399,0.91,0.9391
2011-03-04,0.9391,0.9391,0.9001,0.901
2011-03-07,0.8999,0.909,0.846,0.885
2011-03-08,0.885,0.885,0.85,0.87
2011-03-09,0.87,0.87,0.85,0.8645
2011-03-10,0.8645,0.9329,0.8497,0.9329
2011-03-11,0.9329,0.9329,0.8601,0.88
2011-03-14,0.8925,0.9,0.88,0.8949
2011-03-15,0.8949,0.8949,0.87,0.87
2011-03-16,0.87,0.88,0.836,0.86
2011-03-17,0.86,0.88,0.81,0.8254
2011-03-18,0.8254,0.8506,0.71,0.8165
2011-03-21,0.7411,0.7724,0.7405,0.759
2011-03-22,0.759,0.81,0.7405,0.809
2011-03-23,0.809,0.85,0.78,0.8497
2011-03-24,0.8497,0.9,0.8266,0.8669
2011-03-25,0.8669,0.89,0.861,0.8838
2011-03-28,0.82,0.85,0.76,0.799
2011-03-29,0.799,0.7997,0.7648,0.7925
2011-03-30,0.7925,0.795,0.766,0.7897
2011-03-31,0.7897,0.801,0.768,0.7846
2011-04-01,0.7846,0.797,0.7741,0.7741
2011-04-04,0.779,0.785,0.5619,0.68
2011-04-05,0.68,0.7478,0.58,0.71
2011-04-06,0.71,0.75,0.6902,0.74
2011-04-07,0.74,0.7849,0.7205,0.7538
2011-04-08,0.7538,0.799,0.7309,0.75
2011-04-11,0.7369,0.799,0.7103,0.77
2011-04-12,0.77,0.899,0.77,0.86
2011-04-13,0.86,1,0.86,0.9225
2011-04-14,0.9225,1,0.91,1
2011-04-15,1,1.09,0.911,0.9899
2011-04-18,1.1123,1.1999,1.1103,1.162
2011-04-19,1.162,1.1979,1.1436,1.1979
2011-04-20,1.1979,1.1979,1.13,1.1421
2011-04-21,1.1421,1.21,1.14,1.21
2011-04-22,1.21,1.41,1.189,1.409
2011-04-25,1.6301,1.701,1.5211,1.559
2011-04-26,1.559,1.7949,1.53,1.7949
2011-04-27,1.7949,1.95,1.72,1.9
2011-04-28,1.9,2.65,1.66,2.2106
2011-04-29,2.2106,2.95,2.21,2.88
2011-05-02,3.0331,3.495,3.029,3.2
2011-05-03,3.2,3.49,3.11,3.41
2011-05-04,3.41,3.58,3.25,3.4061
2011-05-05,3.4061,3.4498,3.333,3.333
2011-05-06,3.333,3.61,3.29,3.45
2011-05-09,3.8659,3.9,3.6905,3.8
2011-05-10,3.8,5.99,3.8,5.81
2011-05-11,5.81,6.065,4.6,5.5
2011-05-12,5.5,6.49,5.22,6.3002
2011-05-13,6.3002,8.45,6.3002,8.198
2011-05-16,6.987,8.5,6.75,8.0339
2011-05-17,8.0339,8.389,6.9799,7.19
2011-05-18,7.19,7.5,6.6,6.88
2011-05-19,6.88,7.34,6.6071,6.805
2011-05-20,6.805,7.1,5.5772,5.5904
2011-05-23,6.6901,7.45,6.69,7.1499
2011-05-24,7.1499,7.51,6.96,7.42
2011-05-25,7.42,9.33,7.2161,8.3997
2011-05-26,8.3997,8.9869,8.01,8.798
2011-05-27,8.798,8.83,8.5002,8.5002
2011-05-30,8.4299,9,8.25,8.8
2011-05-31,8.8,9.4998,8.1,8.741
2011-06-01,8.741,9.699,8.3,9.57
2011-06-02,9.57,10.888,9.5,10.6
2011-06-03,10.6,14.499,10.575,14.29
2011-06-06,16.7,19.23,16.451,18.55
2011-06-07,18.55,24.32,18.26,23.923
2011-06-08,23.923,31.91,22.214,29.6
2011-06-09,29.6,31.5,26.151,28.919
2011-06-10,28.919,29.399,20.01,23.95
2011-06-13,18.546,24.5,16,19.84
2011-06-14,19.84,20.5,18.001,19.28
2011-06-15,19.28,20,19.022,19.49
2011-06-16,19.49,19.89,17,17
2011-06-17,17,18.34,13,15.681
2011-06-27,16.45,18,15,16.75
2011-06-28,16.75,17.52,16.5,16.95
2011-06-29,16.95,17.2,16.666,16.845
2011-06-30,16.845,17,15.73,16.101
2011-07-01,16.101,16.74,15.26,15.397
2011-07-04,15.441,15.49,13.14,13.86
2011-07-05,13.86,15,11,12.907
2011-07-06,12.907,16.5,12.671,14.784
2011-07-07,14.784,15.9,14.5,14.776
2011-07-08,14.776,15.643,13.902,14.314
2011-07-11,14.9,15.2,13.8,14.209
2011-07-12,14.209,14.64,13.9,14.009
2011-07-13,14.009,14.15,13.91,13.951
2011-07-14,13.951,14.07,13.7,13.99
2011-07-15,13.99,14.09,13.502,13.81
2011-07-18,13.16,13.915,12.51,13.48
2011-07-19,13.48,14.7,13.44,13.85
2011-07-20,13.85,14,13.4,13.689
2011-07-21,13.689,13.78,13.4,13.61
2011-07-22,13.61,13.81,13.45,13.695
2011-07-25,13.98,14.723,13.76,14.048
2011-07-26,14.048,14.051,13.768,13.882
2011-07-27,13.882,14.13,13.85,13.939
2011-07-28,13.939,13.939,13.312,13.49
2011-07-29,13.49,13.7,13.33,13.498
2011-08-01,13.35,13.55,12.85,13.095
2011-08-02,13.095,13.1,11.5,12.05
2011-08-03,12.05,12.16,8.7,9.26
2011-08-04,9.26,11.15,9.26,10.75
2011-08-05,10.75,10.99,9.5,9.8
2011-08-08,7.9,8.16,7.055,7.7999
2011-08-09,7.7999,12.1,7.671,9.99
2011-08-10,9.99,10.4,9.5,9.98
2011-08-11,9.98,10.496,8.451,9.4625
2011-08-12,9.4625,9.8,8.91,9.4605
2011-08-15,10.796,11.89,10.722,11.15
2011-08-16,11.15,11.32,10.811,10.964
2011-08-17,10.964,11.1,10.661,10.946
2011-08-18,10.946,11.05,10.81,10.83
2011-08-19,10.83,11.81,10.83,11.65
2011-08-22,11.311,11.501,10.51,10.895
2011-08-23,10.895,11.3,10.809,10.94
2011-08-24,10.94,11.083,10.831,10.851
2011-08-25,10.851,10.891,9.1,9.657
2011-08-26,9.657,9.889,7.642,8.1794
2011-08-29,9.0701,9.2703,8.65,8.969
2011-08-30,8.969,9,8.55,8.7913
2011-08-31,8.7913,8.7913,8.01,8.1995
2011-09-01,8.1995,8.3599,8.1,8.21
2011-09-02,8.21,8.7138,8.21,8.64
2011-09-05,8.178,8.1914,7.25,7.611
2011-09-06,7.611,7.6571,6.122,6.8628
2011-09-07,6.8628,7.5992,6.53,7.1864
2011-09-08,7.1864,7.1979,6.5124,6.53
2011-09-09,6.53,6.5769,4.18,5.03
2011-09-12,5.8644,6.5821,5.4121,6.078
2011-09-13,6.078,6.085,5.7,5.8
2011-09-14,5.8,5.8473,5.3249,5.6193
2011-09-15,5.6193,5.6193,4.44,4.84
2011-09-16,4.84,4.99,4.61,4.82
2011-09-19,5.2,5.644,4.9,5.46
2011-09-20,5.46,6.795,5.4511,6.1119
2011-09-21,6.1119,6.2866,5.06,5.6114
2011-09-22,5.6114,5.83,5.29,5.4278
2011-09-23,5.4278,5.7065,5.4145,5.5451
2011-09-26,5.33,5.4,4.721,4.8697
2011-09-27,4.8697,5.1302,4.781,4.9156
2011-09-28,4.9156,4.969,4.625,4.7725
2011-09-29,4.7725,4.8,4.6742,4.7794
2011-09-30,4.7794,5.35,4.743,5.1401
2011-10-03,5.027,5.0399,4.8889,5.024
2011-10-04,5.024,5.025,4.9193,4.96
2011-10-05,4.96,5.025,4.8312,4.87
2011-10-06,4.87,4.9,4.4989,4.7344
2011-10-07,4.7344,4.7958,3.7819,4.2728
2011-10-10,4.1029,4.2,4.0104,4.1
2011-10-11,4.1,4.1,3.8496,3.9308
2011-10-12,3.9308,4.45,3.901,4.15
2011-10-13,4.15,4.2,4.002,4.0462
2011-10-14,4.0462,4.1146,3.9481,3.9879
2011-10-17,3.557,3.74,2.26,2.56
2011-10-18,2.56,2.9,2.31,2.419
2011-10-19,2.419,2.536,2.0401,2.27
2011-10-20,2.27,2.3908,2.22,2.348
2011-10-21,2.348,2.72,2.327,2.57
2011-10-24,3.17,3.1948,2.481,2.545
2011-10-25,2.545,3.04,2.4403,2.77
2011-10-26,2.77,2.8485,2.6502,2.773
2011-10-27,2.773,3.09,2.7311,3.04
2011-10-28,3.04,3.255,2.905,3.19
2011-10-31,3.27,3.3159,3.066,3.248
2011-11-01,3.248,3.35,3.07,3.15
2011-11-02,3.15,3.44,3.141,3.2543
2011-11-03,3.2543,3.28,3.1,3.152
2011-11-04,3.152,3.21,3.0111,3.109
2011-11-07,2.9596,3.0325,2.95,3.0068
2011-11-08,3.0068,3.21,3.0058,3.035
2011-11-09,3.035,3.11,2.8866,2.95
2011-11-10,2.95,2.969,2.8001,2.8399
2011-11-11,2.8399,3.11,2.823,3.08
2011-11-14,2.9969,2.9969,2.1,2.22
2011-11-15,2.22,2.49,2.11,2.329
2011-11-16,2.329,2.6003,2.301,2.5604
2011-11-17,2.5604,2.5885,1.994,2.25
2011-11-18,2.25,2.39,2,2.05
2011-11-21,2.2,2.3113,2.17,2.294
2011-11-22,2.294,2.35,2.25,2.3289
2011-11-23,2.3289,2.38,2.27,2.3321
2011-11-24,2.3321,2.56,2.3053,2.4321
2011-11-25,2.4321,2.5278,2.374,2.5061
2011-11-28,2.4799,2.55,2.44,2.55
2011-11-29,2.55,2.981,2.5403,2.7502
2011-11-30,2.7502,3.09,2.7323,2.9701
2011-12-01,2.9701,3.14,2.9289,3.06
2011-12-02,3.06,3.138,3.035,3.1151
2011-12-05,2.8281,2.93,2.7807,2.8798
2011-12-06,2.8798,3.05,2.8701,3.03
2011-12-07,3.03,3.082,2.9324,2.99
2011-12-08,2.99,3.0063,2.8842,2.98
2011-12-09,2.98,3.039,2.9347,2.97
2011-12-12,3.2511,3.2901,3.0841,3.135
2011-12-13,3.135,3.25,3.135,3.2499
2011-12-14,3.2499,3.2499,2.994,3.15
2011-12-15,3.15,3.2145,3.11,3.2
2011-12-16,3.2,3.22,3.15,3.2
2011-12-19,3.193,3.7004,3.1893,3.5202
2011-12-20,3.5202,4.5,3.483,3.95
2011-12-21,3.95,4.04,3.81,3.89
2011-12-22,3.89,3.992,3.509,3.8901
2011-12-23,3.8901,3.95,3.815,3.9468
2011-12-26,4.225,4.3126,3.81,4.018
2011-12-27,4.018,4.0998,3.962,4.07
2011-12-28,4.07,4.25,3.99,4.1855
2011-12-29,4.1855,4.33,4.116,4.166
2011-12-30,4.166,4.3,4.0633,4.248
2012-01-02,5.2677,5.47,4.8,5.2168
2012-01-03,5.2168,5.29,4.65,4.8808
2012-01-04,4.8808,5.7,4.751,5.5738
2012-01-05,5.5738,7.22,5.5738,6.9476
2012-01-06,6.9476,7.21,6.1261,6.6969
2012-01-09,7.1136,7.191,5.81,6.3257
2012-01-10,6.3257,6.89,6.001,6.36
2012-01-11,6.36,7.138,6.36,6.9
2012-01-12,6.9,6.997,6.337,6.8
2012-01-13,6.8,6.804,6.4,6.41
2012-01-16,7.0018,7.1889,6.511,6.6825
2012-01-17,6.6825,6.95,4.64,5.6
2012-01-18,5.6,6.95,5.1,5.92
2012-01-19,5.92,6.3608,5.8728,6.3598
2012-01-20,6.3598,6.58,6.258,6.4898
2012-01-23,6.3097,6.389,6.212,6.356
2012-01-24,6.356,6.394,6.219,6.2898
2012-01-25,6.2898,6.322,5.502,5.75
2012-01-26,5.75,5.92,5.3,5.34
2012-01-27,5.34,5.51,5.05,5.292
2012-01-30,5.3809,5.6,5.3669,5.4905
2012-01-31,5.4905,5.65,5.426,5.4838
2012-02-01,5.4838,6.2,5.4678,6.0756
2012-02-02,6.0756,6.199,5.823,6.1
2012-02-03,6.1,6.1401,5.7187,5.9593
2012-02-06,5.6888,5.72,5.45,5.4535
2012-02-07,5.4535,5.78,5.45,5.69
2012-02-08,5.69,5.8494,5.3,5.6
2012-02-09,5.6,5.915,5.5,5.83
2012-02-10,5.83,5.985,5.8012,5.9126
2012-02-13,5.5147,5.72,5.2,5.26
2012-02-14,5.26,5.4513,4.2121,4.4629
2012-02-15,4.4629,4.88,4.2001,4.3251
2012-02-16,4.3251,4.444,3.878,4.2739
2012-02-17,4.2739,4.77,4.2281,4.41
2012-02-20,4.3867,4.47,4.2902,4.3615
2012-02-21,4.3615,4.3975,4.212,4.272
2012-02-22,4.272,4.54,4.271,4.4247
2012-02-23,4.4247,5.1978,4.42,5.015
2012-02-24,5.015,5.1,4.825,5.0288
2012-02-27,4.922,4.99,4.89,4.956
2012-02-28,4.956,5,4.735,4.868
2012-02-29,4.868,4.9,4.8,4.86
2012-03-01,4.86,4.9889,4.86,4.9213
2012-03-02,4.9213,4.95,4.51,4.705
2012-03-05,4.82,5.05,4.82,4.9843
2012-03-06,4.9843,5.07,4.9,4.9901
2012-03-07,4.9901,5.05,4.84,4.9375
2012-03-08,4.9375,5,4.7551,4.9302
2012-03-09,4.9302,4.949,4.821,4.8611
2012-03-12,4.91,4.95,4.8561,4.8901
2012-03-13,4.8901,5.41,4.8651,5.27
2012-03-14,5.27,5.45,5.2517,5.38
2012-03-15,5.38,5.445,5.255,5.3266
2012-03-16,5.3266,5.4,5.3,5.3439
2012-03-19,5.2794,5.3099,4.5,4.6939
2012-03-20,4.6939,4.9,4.5878,4.8379
2012-03-21,4.8379,4.87,4.75,4.8149
2012-03-22,4.8149,4.88,4.5977,4.7043
2012-03-23,4.7043,4.79,4.6,4.686
2012-03-26,4.55,4.7379,4.5159,4.6191
2012-03-27,4.6191,4.8459,4.49,4.8113
2012-03-28,4.8113,4.8365,4.721,4.788
2012-03-29,4.788,4.8609,4.71,4.8084
2012-03-30,4.8084,4.88,4.717,4.86
2012-04-02,4.827,5.08,4.76,4.974
2012-04-03,4.974,4.995,4.81,4.952
2012-04-04,4.952,4.97,4.89,4.9101
2012-04-05,4.9101,4.935,4.87,4.919
2012-04-06,4.919,4.98,4.88,4.9499
2012-04-09,4.7925,4.879,4.7316,4.8719
2012-04-10,4.8719,4.9,4.7639,4.8367
2012-04-11,4.8367,4.98,4.7911,4.9279
2012-04-12,4.9279,4.946,4.8427,4.9197
2012-04-13,4.9197,4.9446,4.73,4.94
2012-04-16,4.9689,4.979,4.9099,4.932
2012-04-17,4.932,5.0221,4.925,4.9759
2012-04-18,4.9759,5.1782,4.96,5.1178
2012-04-19,5.1178,5.19,5.1,5.1377
2012-04-20,5.1377,5.48,5.101,5.35
2012-04-23,5.2035,5.218,4.96,4.96
2012-04-24,4.96,5.2,4.952,5.0982
2012-04-25,5.0982,5.18,5.0358,5.1318
2012-04-26,5.1318,5.1749,4.99,5.0976
2012-04-27,5.0976,5.124,5.0321,5.1095
2012-04-30,4.9044,5,4.87,4.9491
2012-05-01,4.9491,5,4.916,5
2012-05-02,5,5.1789,4.97,5.0737
2012-05-03,5.0737,5.184,5.02,5.1344
2012-05-04,5.1344,5.15,5.067,5.067
2012-05-07,5.0499,5.0957,4.9711,5.06
2012-05-08,5.06,5.1,4.96,5.05
2012-05-09,5.05,5.0961,5,5.0437
2012-05-10,5.0437,5.125,4.8028,4.85
2012-05-11,4.85,5,4.801,4.96
2012-05-14,4.93,5.036,4.9,5.0059
2012-05-15,5.0059,5.04,4.9512,5.035
2012-05-16,5.035,5.1345,5,5.0887
2012-05-17,5.0887,5.1,5.0515,5.0998
2012-05-18,5.0998,5.13,5.0615,5.118
2012-05-21,5.09,5.13,5.0623,5.0998
2012-05-22,5.0998,5.115,5.0495,5.0988
2012-05-23,5.0988,5.165,5.065,5.1397
2012-05-24,5.1397,5.1489,5.0701,5.119
2012-05-25,5.119,5.15,5.102,5.1455
2012-05-28,5.139,5.16,5.11,5.1358
2012-05-29,5.1358,5.1589,5.015,5.15
2012-05-30,5.15,5.1725,5.1,5.135
2012-05-31,5.135,5.2,5.1121,5.1801
2012-06-01,5.1801,5.279,5.1801,5.2748
2012-06-04,5.2051,5.2785,5.18,5.266
2012-06-05,5.266,5.5,5.2235,5.44
2012-06-06,5.44,5.49,5.3895,5.46
2012-06-07,5.46,5.5936,5.41,5.591
2012-06-08,5.591,5.66,5.5599,5.633
2012-06-11,5.4683,5.6,5.4324,5.5747
2012-06-12,5.5747,5.75,5.5,5.7
2012-06-13,5.7,5.96,5.66,5.929
2012-06-14,5.929,5.9742,5.808,5.9541
2012-06-15,5.9541,6.587,5.883,6.5
2012-06-18,6.1638,6.36,6.03,6.31
2012-06-19,6.31,6.5329,6.281,6.4988
2012-06-20,6.4988,6.7103,6.45,6.67
2012-06-21,6.67,6.8,6.561,6.6801
2012-06-22,6.6801,6.7996,6.4277,6.5478
2012-06-25,6.35,6.4455,6.2175,6.3048
2012-06-26,6.3048,6.47,6.2889,6.4195
2012-06-27,6.4195,6.65,6.4,6.647
2012-06-28,6.647,6.669,6.49,6.6059
2012-06-29,6.6059,6.6792,6.542,6.65
2012-07-02,6.629,6.765,6.5778,6.76
2012-07-03,6.76,6.76,6.4,6.4499
2012-07-04,6.4499,6.55,6.4499,6.5101
2012-07-05,6.5101,6.77,6.481,6.67
2012-07-06,6.67,6.72,6.55,6.6481
2012-07-09,6.799,7.1,6.7426,7.0215
2012-07-10,7.0215,7.25,6.96,7.1999
2012-07-11,7.1999,7.257,7.0178,7.15
2012-07-12,7.15,7.9,7.1,7.7644
2012-07-13,7.7644,7.8164,7.4201,7.6651
2012-07-16,7.621,8.65,7.6178,8.4996
2012-07-17,8.4996,9.49,7.3215,8.8
2012-07-18,8.8,9.399,8.5,9.1098
2012-07-19,9.1098,9.2335,8.8183,8.87
2012-07-20,8.87,8.87,7.6,8.52
2012-07-23,8.4096,9.2,7.75,8.4457
2012-07-24,8.4457,8.8499,8.34,8.6
2012-07-25,8.6,8.9,8.3688,8.8
2012-07-26,8.8,8.901,8.6,8.9
2012-07-27,8.9,8.95,8.8142,8.9
2012-07-30,8.7103,9.15,8.7,9.098
2012-07-31,9.098,9.44,9.0788,9.35
2012-08-01,9.35,9.65,9.111,9.55
2012-08-02,9.55,11,9.412,10.53
2012-08-03,10.53,11.12,10.3,10.97
2012-08-06,10.87,11.19,10.635,10.855
2012-08-07,10.855,11.1,10.651,11.1
2012-08-08,11.1,11.15,10.85,11.055
2012-08-09,11.055,12,10.8,11.061
2012-08-10,11.061,11.6,11.01,11.386
2012-08-13,11.624,12.05,11.492,12.038
2012-08-14,12.038,12.34,11.895,12.19
2012-08-15,12.19,13.25,12.161,13.25
2012-08-16,13.25,13.841,12.5,13.5
2012-08-17,13.5,15.4,10.6,11.584
2012-08-20,8,10.5,7.8101,10.1
2012-08-21,10.1,10.3,9.699,9.915
2012-08-22,9.915,10.1,9.571,9.807
2012-08-23,9.807,10.25,9.705,10.1
2012-08-24,10.1,10.619,9.852,10.6
2012-08-27,10.61,12.15,10.544,10.95
2012-08-28,10.95,11.21,10.5,10.94
2012-08-29,10.94,11.134,10.55,10.917
2012-08-30,10.917,10.932,10.6,10.777
2012-08-31,10.777,10.829,9.66,10.16
2012-09-03,10.204,10.593,10.089,10.53
2012-09-04,10.53,10.53,10.15,10.385
2012-09-05,10.385,11.17,10.261,11
2012-09-06,11,11.29,10.64,11.181
2012-09-07,11.181,11.21,10.954,11
2012-09-10,11.02,11.192,10.875,11.17
2012-09-11,11.17,11.35,10.878,11.331
2012-09-12,11.331,11.39,10.78,11.365
2012-09-13,11.365,11.399,11.22,11.399
2012-09-14,11.399,11.799,11.321,11.67
2012-09-17,11.87,11.963,11.766,11.89
2012-09-18,11.89,12.346,11.84,12.25
2012-09-19,12.25,12.687,12.15,12.573
2012-09-20,12.573,12.66,12.25,12.283
2012-09-21,12.283,12.5,12.011,12.368
2012-09-24,12.193,12.299,11.951,12.1
2012-09-25,12.1,12.229,12.008,12.197
2012-09-26,12.197,12.46,12.02,12.27
2012-09-27,12.27,12.395,12.207,12.309
2012-09-28,12.309,12.45,12.12,12.391
2012-10-01,12.4,12.481,12.321,12.4
2012-10-02,12.4,12.88,12.344,12.84
2012-10-03,12.84,12.99,12.68,12.89
2012-10-04,12.89,13.09,12.6,12.85
2012-10-05,12.85,12.97,12.51,12.688
2012-10-08,11.8,11.952,10.621,11.778
2012-10-09,11.778,12.35,11.571,11.895
2012-10-10,11.895,12.19,11.767,12.12
2012-10-11,12.12,12.151,11.858,12.03
2012-10-12,12.03,12.15,11.92,12
2012-10-15,11.739,11.989,11.43,11.838
2012-10-16,11.838,11.99,11.5,11.85
2012-10-17,11.85,11.96,11.7,11.81
2012-10-18,11.81,11.96,11.75,11.94
2012-10-19,11.94,11.967,11.619,11.74
2012-10-22,11.631,11.81,11.471,11.71
2012-10-23,11.71,12,11.41,11.65
2012-10-24,11.65,11.79,11.591,11.65
2012-10-25,11.65,11.699,10.52,10.862
2012-10-26,10.862,10.95,9.74,10.171
2012-10-29,10.7,10.94,10.321,10.6
2012-10-30,10.6,10.89,10.58,10.888
2012-10-31,10.888,11.21,10.705,11.201
2012-11-01,11.201,11.279,10.4,10.57
2012-11-02,10.57,10.8,10.33,10.469
2012-11-05,10.8,10.88,10.61,10.748
2012-11-06,10.748,10.9,10.667,10.899
2012-11-07,10.899,11.216,10.8,10.92
2012-11-08,10.92,11.07,10.75,10.925
2012-11-09,10.925,10.985,10.79,10.815
2012-11-12,10.869,11.18,10.767,11.008
2012-11-13,11.008,11.129,10.922,10.951
2012-11-14,10.951,11.05,10.82,10.95
2012-11-15,10.95,11.3,10.86,11.198
2012-11-16,11.198,11.8,11.172,11.749
2012-11-19,11.652,11.84,11.6,11.8
2012-11-20,11.8,11.8,11.573,11.733
2012-11-21,11.733,11.784,11.644,11.77
2012-11-22,11.77,12.43,11.67,12.422
2012-11-23,12.422,12.422,12.132,12.345
2012-11-26,12.482,12.652,11.89,12.246
2012-11-27,12.246,12.339,11.9,12.2
2012-11-28,12.2,12.407,12.1,12.348
2012-11-29,12.348,12.599,12.15,12.45
2012-11-30,12.45,12.65,12.424,12.565
2012-12-03,12.5,12.679,12.476,12.679
2012-12-04,12.679,13.5,12.62,13.41
2012-12-05,13.41,13.42,13.15,13.38
2012-12-06,13.38,13.689,12.9,13.299
2012-12-07,13.299,13.549,12.975,13.5
2012-12-10,13.388,13.55,13.269,13.433
2012-12-11,13.433,13.67,13.3,13.557
2012-12-12,13.557,13.8,13.3,13.699
2012-12-13,13.699,13.8,13.468,13.7
2012-12-14,13.7,13.901,13,13.6
2012-12-17,13.3,13.485,12.749,13.25
2012-12-18,13.25,13.398,13.11,13.299
2012-12-19,13.299,13.601,13.2,13.599
2012-12-20,13.599,13.72,13.326,13.525
2012-12-21,13.525,13.6,13.42,13.5
2012-12-24,13.312,13.45,13.211,13.38
2012-12-25,13.38,13.43,13.14,13.35
2012-12-26,13.35,13.47,13.2,13.468
2012-12-27,13.468,13.47,13.25,13.422
2012-12-28,13.422,13.65,13.342,13.421
2012-12-31,13.45,13.561,13.366,13.51
2013-01-01,13.51,13.56,13.161,13.304
2013-01-02,13.304,13.4,13.164,13.28
2013-01-03,13.28,13.464,13.249,13.398
2013-01-04,13.398,13.52,13.273,13.5
2013-01-07,13.454,13.59,13.404,13.588
2013-01-08,13.588,13.88,13.5,13.743
2013-01-09,13.743,13.862,13.62,13.77
2013-01-10,13.77,14.32,13.77,14.14
2013-01-11,14.14,14.35,13.91,14.137
2013-01-14,14.116,14.35,14.11,14.3
2013-01-15,14.3,14.479,13.992,14.25
2013-01-16,14.25,14.73,14.21,14.73
2013-01-17,14.73,15.7,14.63,15.5
2013-01-18,15.5,15.985,15.41,15.705
2013-01-21,15.7,16.98,15.634,16.8
2013-01-22,16.8,17.59,16.65,17.261
2013-01-23,17.261,17.586,16.802,17.5
2013-01-24,17.5,19.19,15.61,16.896
2013-01-25,16.896,17.797,15.386,17.4
2013-01-28,17.818,18.88,17.75,18.721
2013-01-29,18.721,19.8,18.7,19.525
2013-01-30,19.525,19.799,19.149,19.7
2013-01-31,19.7,21.43,19.511,20.41
2013-02-01,20.41,21.13,20.301,20.499
2013-02-04,20.59,21.05,19.855,20.43
2013-02-05,20.43,20.79,20.2,20.6
2013-02-06,20.6,21.334,20.6,21.18
2013-02-07,21.18,22.22,20.77,22.15
2013-02-08,22.15,22.772,22,22.66
2013-02-11,23.97,24.675,23.646,24.65
2013-02-12,24.65,25.828,24.3,25.17
2013-02-13,25.17,26.3,24.195,24.2
2013-02-14,24.2,27.597,21.721,27.221
2013-02-15,27.221,27.506,26.103,27.1
2013-02-18,26.815,27.148,26.363,26.95
2013-02-19,26.95,29.65,26.8,29.418
2013-02-20,29.418,29.87,28.988,29.645
2013-02-21,29.645,29.978,29.311,29.748
2013-02-22,29.748,31.3,29.67,30.245
2013-02-25,29.89,30.4,29.55,30.4
2013-02-26,30.4,31.699,30.117,31.1
2013-02-27,31.1,31.65,30.79,30.901
2013-02-28,30.901,34.515,30.901,33.38
2013-03-01,33.38,34.9,32.92,34.5
2013-03-04,34.5,36.7,34.19,36.152
2013-03-05,36.152,40.646,36.15,40.33
2013-03-06,40.33,49.099,40.145,41.02
2013-03-07,41.02,45.5,33.3,42
2013-03-08,42,44.5,41.02,44.18
2013-03-11,46,48.469,45.54,48.4
2013-03-12,48.4,48.4,36.65,44.29
2013-03-13,44.29,47.295,43.751,46.92
2013-03-14,46.92,47.99,46.05,47.17
2013-03-15,47.17,47.45,46.4,46.95
2013-03-18,47.4,52.875,47.12,51.6
2013-03-19,51.6,62,50,59.14
2013-03-20,59.14,66,57.702,64.489
2013-03-21,64.489,74.9,63.101,70.85
2013-03-22,70.85,73.75,65,69.865
2013-03-25,71.5,78,69.518,73.6
2013-03-26,73.6,79.72,73.11,78.5
2013-03-27,78.5,89.5,78.4,88.92
2013-03-28,88.92,95.7,75.001,86.18
2013-03-29,86.18,93.06,83.01,90.5
2013-04-01,93.03,106,92.236,104
2013-04-02,104,118.36,99,117.98
2013-04-03,117.98,147,110,135
2013-04-04,135,142.12,116.39,132.12
2013-04-05,132.12,144.94,130.24,142.32
2013-04-08,162.3,194.9,162.3,187.5
2013-04-09,187.5,240.11,186.5,230
2013-04-10,230,266,105,165
2013-04-11,165,188.7,110.2,124.9
2013-04-12,124.9,140,54.25,117
2013-04-15,90,102,71.51,82.386
2013-04-16,82.386,84.5,50.01,68.356
2013-04-17,68.356,98.778,63.3,93.07
2013-04-18,93.07,113,86,109.01
2013-04-19,109.01,136.43,105.54,118.48
2013-04-22,119.2,127.4,118.5,127.4
2013-04-23,127.4,144.02,124.97,143.48
2013-04-24,143.48,166.43,140.97,154.2
2013-04-25,154.2,162,120.09,141.71
2013-04-26,141.71,144.99,121.45,136.9
2013-04-29,133.87,149,132.25,142.47
2013-04-30,142.47,146.93,134,138.38
2013-05-01,138.31,141.74,104.67,117.5
2013-05-02,117.53,126.9,91.22,111.16
2013-05-03,111.77,112.69,79.131,94
2013-05-06,116,124.72,106.01,111.32
2013-05-07,111.41,114,98,109.7
2013-05-08,109.5,116.27,108,113.49
2013-05-09,113.49,114.8,108.81,112.2
2013-05-10,112.14,122.5,111.35,118.23
2013-05-13,115.99,118.85,114.22,117.17
2013-05-14,117.18,119.79,110.2,113.88
2013-05-15,113.8,116.37,103.02,114.89
2013-05-16,114.13,117.49,112.11,117.37
2013-05-17,116.78,125.52,116,122.9
2013-05-20,121.5,123.6,120.1,121.54
2013-05-21,121.54,123.08,121.1,122.78
2013-05-22,122.78,123.7,122,123
2013-05-23,123,126.93,122.51,125.36
2013-05-24,125.98,133.98,125.61,129.91
2013-05-27,135.2,135.49,124,129.7
2013-05-28,129.6,130.65,125.5,128.9
2013-05-29,128.92,132.67,127.6,131.89
2013-05-30,131.89,132.5,127,128.9
2013-05-31,128.83,129.4,126.37,127.4
2013-06-03,119.9,122.73,116,122.31
2013-06-04,122.31,123.98,118.79,121.5
2013-06-05,121.5,123.5,119.52,121.47
2013-06-06,120.6,123.3,118.56,119.7
2013-06-07,119.9,120.6,106.22,112.48
2013-06-10,102.04,110.42,95.002,106.15
2013-06-11,106.16,109.6,104.01,108.8
2013-06-12,108.96,112.24,106.56,108.92
2013-06-13,108.16,110.3,102.9,102.9
2013-06-14,102.1,104.7,97.731,99.55
2013-06-17,100,102.31,98.95,101.5
2013-06-18,101.5,112.55,100.32,105.43
2013-06-19,105.06,110.6,105.06,107
2013-06-20,107,114.3,106.65,109.64
2013-06-21,110,115.01,107.62,109.64
2013-06-24,106.75,108.31,100.88,102.13
2013-06-25,102.13,108.9,100.03,102.23
2013-06-26,102.23,105.49,101.83,104.13
2013-06-27,104.8,104.8,102,102.5
2013-06-28,102.59,102.89,92.333,95.399
2013-07-01,97.317,97.979,88.19,88.558
2013-07-02,88.25,92.3,86.254,89.853
2013-07-03,89.783,91.19,80.62,81.129
2013-07-04,81.13,83.86,72,80.424
2013-07-05,80.958,81.52,65.513,70.73
2013-07-08,71.899,80,70.556,77.76
2013-07-09,77.779,78.3,72.51,76.999
2013-07-10,76.602,88.32,75.75,85.58
2013-07-11,85.9,90.7,82.9,87.56
2013-07-12,87.91,104.11,87.56,92.876
2013-07-15,95,101.5,92.86,99.45
2013-07-16,99.251,100.35,96.6,97.1
2013-07-17,97.3,99.99,96.18,98
2013-07-18,98,98.8,86.436,89.897
2013-07-19,90.822,95.2,87.6,93.097
2013-07-22,89.95,92,89.95,91.675
2013-07-23,91.6,97.1,91.6,95.12
2013-07-24,95,95.99,93,93.92
2013-07-25,94.861,97.455,93.803,96.5
2013-07-26,96.5,97.475,96,96.832
2013-07-29,99.2,102.85,98.455,100.86
2013-07-30,100.87,106.09,100.46,105
2013-07-31,105.97,111.65,103.88,107.75
2013-08-01,107.7,108,103,104.47
2013-08-02,104.26,108,101.21,104.07
2013-08-05,105,107.77,105,107.05
2013-08-06,107.05,107.5,105.14,106.46
2013-08-07,105.9,106.96,105.22,106.3
2013-08-08,105.51,106.5,100.96,103.25
2013-08-09,103.3,105.79,102,102.14
2013-08-12,105,108.02,103.51,107.6
2013-08-13,107.99,108.65,104.5,107.69
2013-08-14,107.69,115,107.69,113
2013-08-15,112.55,113.32,108.88,110.8
2013-08-16,110.04,112.23,108.34,108.81
2013-08-19,113.81,123.74,111.8,118.5
2013-08-20,118.07,123.01,117.03,122.39
2013-08-21,122.39,124.94,119.68,123.84
2013-08-22,122.52,123.72,120.57,122.33
2013-08-23,122.56,122.56,118.51,118.52
2013-08-26,122.48,122.99,119.93,120.1
2013-08-27,120,132.68,120,131.3
2013-08-28,131.2,131.8,128.02,130.5
2013-08-29,130.5,130.98,128.19,129
2013-08-30,128.56,142.75,128.56,136.01
2013-09-02,145.7,147.6,142.4,144
2013-09-03,144.2,148,142.2,143.2
2013-09-04,143.2,145.8,130.09,135.22
2013-09-05,136,137.96,127.3,134.3
2013-09-06,134.3,135.78,123,125.7
2013-09-09,125,136.92,124.01,131.13
2013-09-10,131.14,135.97,130.7,132.81
2013-09-11,132.81,140,127.51,136.09
2013-09-12,136,145.9,135.51,140.9
2013-09-13,140.23,145.5,138.2,141.99
2013-09-16,138.01,142.01,137.85,138.75
2013-09-17,138.5,141.37,138,139.22
2013-09-18,140,142,139.01,141
2013-09-19,141.5,141.75,131.14,136.1
2013-09-20,135.64,137.44,132,134.34
2013-09-23,133.49,135,132.01,133.41
2013-09-24,134.75,136.48,132.5,135.5
2013-09-25,135.32,138,134.71,136.09
2013-09-26,136.09,137,134.71,136.89
2013-09-27,136.89,142.65,134.83,140
2013-09-30,143.5,145.81,138.14,141.32
2013-10-01,141.32,144.35,139.41,141.19
2013-10-02,140.5,141.93,109.71,124.15
2013-10-03,123.22,132,119.98,129.71
2013-10-04,129.71,138.8,128.5,138.49
2013-10-07,136.5,138.99,135.6,137
2013-10-08,137,137.83,135.66,137
2013-10-09,137,142.1,135.8,139.13
2013-10-10,139.13,141.5,139.03,140.1
2013-10-11,140.1,141.69,139.1,141.3
2013-10-14,147,153.4,146.04,149.02
2013-10-15,149.03,156.92,148.2,154.4
2013-10-16,154.4,163,144.22,151.99
2013-10-17,151.7,159.5,150.7,157.75
2013-10-18,157.75,166.67,156.5,165.01
2013-10-21,185.97,197.3,184.07,191.01
2013-10-22,191.01,205.43,190.77,200.3
2013-10-23,200.2,224.3,200,222.01
2013-10-24,222.02,233.14,175.5,199
2013-10-25,199,209,176.7,189
2013-10-28,203.4,209.79,200.6,206.9
2013-10-29,206.92,215.08,204.2,215.08
2013-10-30,215.08,216.5,204,205.99
2013-10-31,204,215,204,211.37
2013-11-01,213.34,215,209.76,213.87
2013-11-04,222.74,236.5,222,236.31
2013-11-05,236.31,258.88,230,254.1
2013-11-06,254.1,271.61,251.3,264
2013-11-07,264,321.51,263.01,308
2013-11-08,307.4,357.99,303.6,346.05
2013-11-11,339,373.08,321.41,362.2
2013-11-12,365.89,391.53,356.81,380
2013-11-13,380,445,372.18,441
2013-11-14,440.01,447.51,402.63,434.99
2013-11-15,433.11,458,423.53,438.06
2013-11-18,536.77,777,519.97,751.99
2013-11-19,770,900.01,513.01,649.98
2013-11-20,653.98,683.11,458,609.98
2013-11-21,605.99,777.12,595.95,773.81
2013-11-22,773.69,784.44,682.31,765.35
2013-11-25,801.99,839.98,759.99,828.02
2013-11-26,835,969.56,824,958.96
2013-11-27,951.02,1072.96,922,1054.52
2013-11-28,1054.85,1222.94,1032.1,1183.01
2013-11-29,1181.06,1241.62,1049.98,1157.94
2013-12-02,1019.99,1116.45,980.01,1089.92
2013-12-03,1080.03,1184.97,1064.96,1153
2013-12-04,1157.01,1239.93,1131.73,1238.7
2013-12-05,1235.03,1239.31,879.97,1117.94
2013-12-06,1117.69,1127.01,800,909.84
2013-12-09,790.01,980.2,787.77,904.98
2013-12-10,900.01,1064.96,900.01,1026.06
2013-12-11,1031.03,1056.86,828.91,879.12
2013-12-12,877.5,905.8,844.02,872.52
2013-12-13,872.75,942.33,858.74,870.25
2013-12-16,874.89,886.53,668.27,716.95
2013-12-17,713.73,754.83,630.04,680.46
2013-12-18,679.67,688.42,418.66,537.58
2013-12-19,536.31,691.85,502.56,687.66
2013-12-20,686.63,729.77,607.2,622.39
2013-12-23,622.01,672.45,608.2,672.45
2013-12-24,672.9,685.31,645.58,654.75
2013-12-26,679.35,777.73,678.75,773.81
2013-12-27,774.59,777.48,713.62,727.01
2013-12-30,746.66,767.75,737.95,761.33
2013-12-31,761.27,762.66,737.84,753.52
2014-01-02,773.4,820.48,766.52,808.87
2014-01-03,807.69,834.45,788.71,814.73
2014-01-06,931.79,1017.19,905.72,938.7
2014-01-07,938.97,967.31,810.96,818.6
2014-01-08,822.71,871.69,773.64,829.53
2014-01-09,833.61,876.96,787.9,840.12
2014-01-10,843.6,877.19,823.59,865.2
2014-01-13,857.27,871.69,800.51,842.74
2014-01-14,842.74,857.27,822.71,839.07
2014-01-15,844.6,873.29,831.95,863.41
2014-01-16,864.68,867,837.59,841.33
2014-01-17,841.18,842.96,796.24,804.38
2014-01-20,853.32,886.37,853.32,880.2
2014-01-21,880.44,882.07,853.46,865.5
2014-01-22,865.35,870.47,836.26,846.6
2014-01-23,846.53,851.57,821.9,823.05
2014-01-24,823.25,824.27,781.49,802.18
2014-01-27,881.83,893.18,774.83,774.83
2014-01-28,772.62,833.13,757.12,819.61
2014-01-29,819.81,837.24,809,824.54
2014-01-30,827.13,831.19,799.04,816.73
2014-01-31,817.19,828.5,812.61,822.57
2014-02-03,825.15,826.79,806.06,824
2014-02-04,823.25,841.26,820.41,828.57
2014-02-05,829.67,834.59,817.06,822.23
2014-02-06,825.15,825.29,778.09,780.52
2014-02-07,777.73,783.58,646.96,725.37
2014-02-10,682.41,704.82,550.39,665.91
2014-02-11,666.76,712.86,635.28,653.42
2014-02-12,657.59,682.27,614.21,659.37
2014-02-13,659.33,659.72,599.05,614.82
2014-02-14,615.35,703.28,538.53,653.89
2014-02-17,597.55,657.07,597.55,626.49
2014-02-18,625.94,645.75,610.17,623.44
2014-02-19,623.4,632.31,618.7,624.06
2014-02-20,624.3,628.69,562.49,565
2014-02-21,565.26,583.64,529.86,567.67
2014-02-24,610.17,610.54,536.6,542.92
2014-02-25,544.43,552,415.3,535.1
2014-02-26,536.83,604.96,524.99,586.75
2014-02-27,587.61,594.64,565.26,581.4
2014-02-28,581.29,586.17,551.36,560.95
2014-03-03,555,702.89,552.58,663.57
2014-03-04,663.04,697.55,654.79,663.88
2014-03-05,663.09,674.4,646.12,662.38
2014-03-06,662.82,670.38,648.76,660.24
2014-03-07,658.76,665.38,615.42,629.33
2014-03-10,639.96,644.75,611.25,628.06
2014-03-11,628.89,639.88,618.01,635.69
2014-03-12,636.17,648.47,629.53,632.91
2014-03-13,632.07,644.7,630.64,637.51
2014-03-14,637.47,639.88,627.63,630.56
2014-03-17,630.84,632.79,617.55,623.36
2014-03-18,623.25,624.34,601.54,613.31
2014-03-19,613.8,622.63,609.27,614.4
2014-03-20,612.9,613.54,585.72,590.08
2014-03-21,590.81,606.72,564.02,580.99
2014-03-24,565.04,589.45,551.18,587.13
2014-03-25,587.54,587.89,571.4,582.55
2014-03-26,582.85,592.7,570.16,581.67
2014-03-27,580.48,582.48,510.47,511.14
2014-03-28,512.14,529.07,470.39,493.68
2014-03-31,466.31,485.15,442.48,453.37
2014-04-01,455.29,496.67,453.31,486.78
2014-04-02,486.78,494.98,430.11,439.41
2014-04-03,439.5,456.35,414.42,445.4
2014-04-04,445.41,456,428.63,446.35
2014-04-07,458.97,461.51,443.72,449.22
2014-04-08,449.22,456.89,444.64,448.35
2014-04-09,448.03,453.35,439.37,440.18
2014-04-10,440.12,441.07,375.33,375.33
2014-04-11,375.16,429.74,344.22,416.63
2014-04-14,406.45,470.94,406.45,456.56
2014-04-15,456.91,514.72,452.16,504.9
2014-04-16,504.9,543.33,493.07,530.48
2014-04-17,529.05,535.62,481.46,501.03
2014-04-18,501.98,503.6,468.17,479.62
2014-04-21,493.75,510.44,488.88,491.45
2014-04-22,491.45,499.28,485.23,485.23
2014-04-23,486,489.84,480.58,487.05
2014-04-24,487.05,494.46,477.33,492.95
2014-04-25,493.22,500.63,440.14,456.2
2014-04-28,441.52,445.73,421.07,442.18
2014-04-29,442.26,449.08,431.02,443.01
2014-04-30,443.01,448.63,432.98,445.87
2014-05-01,445.38,459.43,443.81,456.06
2014-05-02,456.06,456.83,439.91,445.73
2014-05-05,433.56,438.44,425.33,429.15
2014-05-06,429.15,431.33,418.03,427.24
2014-05-07,427.11,446.37,423.12,441.66
2014-05-08,441.7,445.02,435.6,437.75
2014-05-09,438.02,451.24,434.31,445.99
2014-05-12,435.12,440.22,431.52,439.23
2014-05-13,439.23,439.77,433.13,436.15
2014-05-14,436.15,444.94,435.92,443.79
2014-05-15,444.21,447.75,440.12,444.07
2014-05-16,444.41,446.91,441.74,446.87
2014-05-19,443.83,445.61,442.05,443.77
2014-05-20,443.77,494.17,443.4,482.6
2014-05-21,482.53,494.46,482.07,488.83
2014-05-22,489.17,520.45,487.64,520.13
2014-05-23,521.08,543.1,517.36,524.85
2014-05-26,567.44,589.94,564.53,579.64
2014-05-27,579.27,591.23,549.63,571.98
2014-05-28,572.08,576.97,560.41,567.92
2014-05-29,567.99,576.07,556.27,566.09
2014-05-30,566.12,612.67,565.13,608.79
2014-06-02,641.93,663.39,610.99,663.39
2014-06-03,663.17,675.72,646.12,663
2014-06-04,663.39,668.67,617.78,642.06
2014-06-05,641.56,664.98,635.77,657.2
2014-06-06,657.55,658.59,646.2,649.31
2014-06-09,652.1,655.01,637.59,642.47
2014-06-10,642.51,657.98,641.19,649.39
2014-06-11,649.18,654.75,627.24,627.24
2014-06-12,626.88,634.36,580.55,583.02
2014-06-13,583.26,613.46,562.59,588.44
2014-06-16,571.98,606.83,571.82,595.27
2014-06-17,595.27,609.27,585.69,607.94
2014-06-18,607.64,613.99,599.74,603.79
2014-06-19,604.05,605.95,592.91,593.09
2014-06-20,592.84,595.2,581.33,590.49
2014-06-23,597.69,599.74,580.86,586.68
2014-06-24,586.65,588.79,582.58,583.29
2014-06-25,583.29,583.94,559.44,563.32
2014-06-26,562.53,572.15,558.6,571.07
2014-06-27,571.1,588.48,571.1,587.3
2014-06-30,594.04,643.29,594.04,636.86
2014-07-01,636.5,654.75,636.09,643.79
2014-07-02,644.33,653.64,627.79,645.16
2014-07-03,645.2,648.3,635.28,637.92
2014-07-04,637.8,644.16,626.21,631.11
2014-07-07,630.56,633.07,612.26,617.25
2014-07-08,617.02,623.05,615.84,621
2014-07-09,620.69,624.03,616.18,622.08
2014-07-10,621.85,622.01,609.42,616.14
2014-07-11,616.14,630.8,613.87,630.52
2014-07-14,627.59,628.06,615.95,620.19
2014-07-15,619.92,622.47,617.32,619.35
2014-07-16,619.66,620.69,612.86,614.86
2014-07-17,614.86,627.04,611.73,622.86
2014-07-18,622.86,626.84,616.49,624.61
2014-07-21,620.42,621.47,616.75,619.96
2014-07-22,619.89,622.51,618.74,619.16
2014-07-23,619.16,619.92,616.94,618.2
2014-07-24,617.78,618.7,591.47,598.98
2014-07-25,598.84,605.99,593.65,599.41
2014-07-28,592.31,592.59,571.72,585.48
2014-07-29,585.72,586.61,577.57,582.24
2014-07-30,582.31,582.99,562.72,564.24
2014-07-31,564.14,587.96,559.63,584.22
2014-08-01,584.18,601.83,581.16,596.91
2014-08-04,586.06,592.84,582.51,586.17
2014-08-05,586.17,587.92,579.85,581.4
2014-08-06,581.56,586.89,578.8,582.45
2014-08-07,582.45,590.81,581.73,588.86
2014-08-08,588.82,598.77,587.17,591.44
2014-08-11,587.86,589.73,572.54,573.46
2014-08-12,572.94,574.25,562.84,566.86
2014-08-13,566.93,571.07,524.33,541.92
2014-08-14,541.77,544.93,495.27,509.66
2014-08-15,509.87,517.01,483.47,492.56
2014-08-18,487.52,500.88,435.6,453.56
2014-08-19,453.21,488.52,451.39,479.52
2014-08-20,479.55,521.08,464.4,509.42
2014-08-21,509.32,532.82,506.46,520.37
2014-08-22,520.08,522.19,500.05,512.95
2014-08-25,511.43,511.43,497.69,502.24
2014-08-26,502.16,513.48,498.78,508.65
2014-08-27,508.75,521.16,508.36,513.69
2014-08-28,513.74,515.78,506.2,506.46
2014-08-29,506.59,512.27,502.41,508.7
2014-09-01,481.44,485.93,471.74,480.33
2014-09-02,480.42,483.3,470.88,478.1
2014-09-03,478.06,479.59,473.89,476.67
2014-09-04,476.6,494.05,473.89,489.48
2014-09-05,489.45,492.71,481.46,481.9
2014-09-08,481.88,481.88,464.51,471.65
2014-09-09,471.65,474.45,464.66,472.93
2014-09-10,472.88,487.21,470.37,478.88
2014-09-11,478.63,480.4,471.17,474.81
2014-09-12,475.29,476.71,467.12,472.68
2014-09-15,474.56,476.44,471.9,474.27
2014-09-16,474.27,474.54,461.66,462.88
2014-09-17,462.66,465.33,448.11,450.09
2014-09-18,449.88,456.04,405.19,424.67
2014-09-19,424.32,426.66,380.75,395.98
2014-09-22,393.35,405.25,392.36,401.91
2014-09-23,401.88,443.93,391.37,434.71
2014-09-24,435.45,438.83,419.45,422.96
2014-09-25,422.82,424.32,406.6,410.34
2014-09-26,410.32,414.32,396.04,402.29
2014-09-29,375.62,385.71,369.13,376.62
2014-09-30,376.58,393.93,370.88,386.01
2014-10-01,385.88,390.35,377.6,381.64
2014-10-02,381.77,382.78,370.27,371.98
2014-10-03,372.07,374.56,357.86,359.93
2014-10-06,303.3,343.51,301.29,335.26
2014-10-07,335.58,339.26,316.72,327.94
2014-10-08,327.77,350.3,325.36,350.3
2014-10-09,350.69,382.67,347.1,356.39
2014-10-10,356.6,374.9,351.54,355.34
2014-10-13,374.36,392.22,366.73,389.67
2014-10-14,390.05,409.74,386.07,402.87
2014-10-15,402.71,402.8,386.38,390.72
2014-10-16,390.55,396.13,369.29,377.39
2014-10-17,377.53,381.51,371.73,378.33
2014-10-20,386.04,389.15,377.25,380.82
2014-10-21,380.79,388.97,377.2,382.89
2014-10-22,382.83,384.5,377.74,379.87
2014-10-23,379.97,380.84,353.57,355
2014-10-24,355,360.56,351.12,355.7
2014-10-27,350.41,355.53,346,350.85
2014-10-28,350.85,354.71,347.91,351.48
2014-10-29,351.58,351.94,334.53,335.6
2014-10-30,335.47,350.41,332.5,343.83
2014-10-31,343.88,346.87,335.46,340.06
2014-11-03,324.62,333.72,323.46,324.02
2014-11-04,324.04,330.19,320.94,326.71
2014-11-05,326.58,341.5,326.55,338.15
2014-11-06,338.15,351.58,335.88,348.08
2014-11-07,347.81,351.3,339.86,341.97
2014-11-10,358.65,374.71,357.25,367.23
2014-11-11,367.32,370.91,360.49,366.03
2014-11-12,366.03,431.7,365.24,417.31
2014-11-13,417.45,458.04,385.67,416.6
2014-11-14,415.71,424.88,381.85,392.68
2014-11-17,387.67,410.17,375.47,386.74
2014-11-18,386.68,390.7,369.51,376.29
2014-11-19,376.48,385.06,371.13,375.36
2014-11-20,375.38,378.92,353.28,356.19
2014-11-21,356.32,356.35,341.93,351.38
2014-11-24,369.67,388.68,364.88,378.39
2014-11-25,378.37,393.07,374,376.05
2014-11-26,376.15,377.67,366.03,366.69
2014-11-27,366.66,373.27,365.4,368.18
2014-11-28,368.32,380.79,358.01,378.57
2014-12-01,377.06,382.6,375.38,379.51
2014-12-02,379.23,383.72,377.56,380.63
2014-12-03,380.65,383.01,374.1,375.39
2014-12-04,375.38,378.1,367.44,369.32
2014-12-05,369.32,376.52,365.54,376.45
2014-12-08,374.22,375.05,363.49,364.96
2014-12-09,364.7,364.7,344.2,350.72
2014-12-10,350.75,351.63,346.16,346.43
2014-12-11,346.4,361,337.63,346.52
2014-12-12,346.78,353.85,346.38,353.17
2014-12-15,350.19,351.68,343.97,345.38
2014-12-16,345.4,345.69,327.61,329.29
2014-12-17,329.36,333.07,314.44,319.79
2014-12-18,319.72,323.24,304.25,311.72
2014-12-19,311.86,316.56,306.46,313.69
2014-12-22,321.45,332.47,318.67,329.02
2014-12-23,329,335.91,328.05,333.26
2014-12-24,333.26,334.06,320.6,322.14
2014-12-26,318.05,327.87,316.13,326.76
2014-12-29,316.18,319.63,312.36,313.03
2014-12-30,313.19,314.47,308.81,310.1
2014-12-31,310.11,316.91,309.32,316.89
2015-01-02,314.73,315.57,312.57,315.03
2015-01-05,259.56,277.97,259.56,270.93
2015-01-06,271.77,286.96,270.89,283.77
2015-01-07,283.74,300.24,282.93,294.92
2015-01-08,295.33,296.1,282.41,283.53
2015-01-09,283.03,290.94,280.36,290.18
2015-01-12,266.36,271.78,264.19,269.32
2015-01-13,269.27,269.27,219.91,219.91
2015-01-14,221.75,226.94,170.09,172.95
2015-01-15,173.72,229.13,170.44,207.25
2015-01-16,207.25,222.02,199.18,207.09
2015-01-19,209.03,216.68,206.77,214.53
2015-01-20,214.63,215.61,204.8,210.23
2015-01-21,210.46,226.9,210.37,226.69
2015-01-22,226.7,236.84,223.11,231.13
2015-01-23,231.17,235.03,224.4,234.02
2015-01-26,253.03,307.97,252.32,267.64
2015-01-27,268.55,274.88,250.94,262.18
2015-01-28,262.19,265.14,225.27,231.36
2015-01-29,231.4,238.06,220.1,231.79
2015-01-30,231.5,242.72,226.14,229.65
2015-02-02,227.68,231.91,222.22,231.91
2015-02-03,232.82,246.18,224.11,228.59
2015-02-04,228.55,230.02,220.72,224.43
2015-02-05,224.48,227.96,214.66,217.28
2015-02-06,217.24,225.54,216.46,223.97
2015-02-09,222.79,223.85,217.09,220.93
2015-02-10,221.01,222.21,215.46,220.68
2015-02-11,220.63,223.55,218.32,219.23
2015-02-12,219.2,222.07,217.62,222
2015-02-13,221.97,240.24,221.07,237.33
2015-02-16,233.21,239.59,228.31,236.16
2015-02-17,236.1,246.14,232.33,242.3
2015-02-18,242.23,244.35,231.74,234.49
2015-02-19,234.47,243.11,234.43,240.47
2015-02-20,240.57,247.14,239.22,242.17
2015-02-23,235.39,239.64,231.78,238.84
2015-02-24,238.71,239.49,235.74,238.83
2015-02-25,238.73,239.36,235.55,237.26
2015-02-26,237.28,237.77,233.86,236.28
2015-02-27,236.23,257.51,236.04,254.38
2015-03-02,258.34,270.64,257.1,269.11
2015-03-03,269.03,286.28,267.04,282.75
2015-03-04,282.75,283.38,266.47,272.07
2015-03-05,272.13,280.4,263.63,275.1
2015-03-06,274.98,276.7,269.39,273.11
2015-03-09,274.08,291.95,273.94,288.33
2015-03-10,288.33,300.34,288.33,292.31
2015-03-11,292.35,296.75,288.88,295.27
2015-03-12,295.43,296.74,291.83,294.06
2015-03-13,293.95,294.14,287.1,288.96
2015-03-16,285.6,293.93,284.88,290.5
2015-03-17,290.5,291.76,283.41,284.29
2015-03-18,284.29,284.8,248.41,254.14
2015-03-19,254.39,263.07,246.79,260.17
2015-03-20,260.19,264.24,258.39,260.76
2015-03-23,268.26,270.04,260.65,266.65
2015-03-24,266.53,266.61,242.88,248.07
2015-03-25,247.92,249.2,236.04,246.26
2015-03-26,246.15,254.44,244.72,247.59
2015-03-27,247.67,249.21,244.34,248.32
2015-03-30,241.06,248.6,236.42,246.29
2015-03-31,246.16,248.176,241.138,245.014
2015-04-01,244.92,247.06,240.13,246.45
2015-04-02,246.34,254.2,244.3,251.27
2015-04-03,251.33,255.75,250.94,253.33
2015-04-06,256.92,261.14,253.6,255.4
2015-04-07,255.2,255.73,251.65,253.6
2015-04-08,253.58,253.65,242.27,245.28
2015-04-09,245.27,245.36,237.9,242.45
2015-04-10,242.55,243.5,231.78,235.11
2015-04-13,235.69,236.79,220.58,222.06
2015-04-14,222.21,225.38,215.46,216.04
2015-04-15,216.12,222.37,216.12,220.95
2015-04-16,220.99,229.26,220.85,229.12
2015-04-17,229.12,229.24,220.47,223.49
2015-04-20,222.2,226.22,221.13,223.26
2015-04-21,223.25,234.95,223.19,233.02
2015-04-22,233.04,238.16,232.97,233.2
2015-04-23,233.31,235.57,233.21,234.42
2015-04-24,234.53,236.33,229.57,231.28
2015-04-27,218.62,232.34,217.5,232.13
2015-04-28,231.96,232.09,222.84,225.44
2015-04-29,225.43,227.16,223.21,226.23
2015-04-30,226.19,239.64,225.23,236.66
2015-05-01,236.28,239.34,233.63,234.7
2015-05-04,239.95,242.91,237.55,238.61
2015-05-05,238.61,239.22,231.9,235.8
2015-05-06,235.77,236.88,228.85,230.59
2015-05-07,230.38,239.92,228.93,238.96
2015-05-08,238.96,245.91,236.09,244.73
2015-05-11,239.62,244.07,238.78,242.27
2015-05-12,242.23,242.71,239.46,241.26
2015-05-13,241.24,243.58,234.42,234.95
2015-05-14,234.42,238.32,233.27,237.03
2015-05-15,236.98,238.64,236.47,237.42
2015-05-18,235.83,236.68,231.72,232.36
2015-05-19,232.43,234.01,231.77,232.44
2015-05-20,232.5,234.89,231.72,233.85
2015-05-21,233.85,236.45,233.61,235.38
2015-05-22,235.32,241.41,235.15,240.77
2015-05-25,241.66,241.73,236.67,237.26
2015-05-26,237.26,238.73,235.7,237.65
2015-05-27,237.67,238.8,236.43,236.94
2015-05-28,236.94,237.9,236.54,237.62
2015-05-29,237.63,237.68,235.44,237.2
2015-06-01,230.89,231.78,221.71,221.84
2015-06-02,222.09,226.67,221.88,225.97
2015-06-03,225.93,227.39,223.8,226.16
2015-06-04,226.22,226.47,224.41,224.91
2015-06-05,224.94,226.03,223.08,225.79
2015-06-08,223.53,229.77,223.32,228.62
2015-06-09,228.71,231.16,227.95,229.84
2015-06-10,229.73,230.15,227.98,229.04
2015-06-11,228.99,230.39,228.84,229.67
2015-06-12,229.62,231.55,229.6,230.82
2015-06-15,233.41,238.6,233.29,237.25
2015-06-16,237.2,254.1,236.48,247.32
2015-06-17,247.41,257.87,246,248.91
2015-06-18,248.82,251.67,243.47,248.99
2015-06-19,248.95,250.66,244.43,244.43
2015-06-22,243.55,248.21,243.52,247.89
2015-06-23,247.92,248.14,242.92,244.8
2015-06-24,244.82,244.83,239.97,240.68
2015-06-25,240.56,243.62,239.92,241.65
2015-06-26,241.64,242.64,240.67,241.21
2015-06-29,248.02,256.4,247.97,254.8
2015-06-30,254.946,268.226,254.836,263.054
2015-07-01,263,264.55,254.74,258.88
2015-07-02,258.9,260.96,253.42,254.65
2015-07-03,254.69,256.1,252.29,254.67
2015-07-06,269.8,276.27,266.84,273.62
2015-07-07,273.59,273.81,263.11,265.13
2015-07-08,264.96,272.38,263.57,265.79
2015-07-09,265.86,271.98,265.47,270.41
2015-07-10,270.39,294.99,267.69,293.14
2015-07-13,307.06,310.29,277.72,291.41
2015-07-14,291.19,295.88,285.34,288.63
2015-07-15,288.56,292.33,286.11,289.37
2015-07-16,289.37,289.94,274.43,278.96
2015-07-17,279.1,279.67,271.61,278.27
2015-07-20,272.57,278.37,271.69,276.52
2015-07-21,276.51,280.47,276.23,277.83
2015-07-22,277.82,277.82,273.91,275.32
2015-07-23,275.33,277.49,275.21,275.6
2015-07-24,275.6,289.03,275.09,288.88
2015-07-27,291.29,295.08,285.94,294.76
2015-07-28,294.75,296.15,292.11,293.84
2015-07-29,293.79,294.66,287.8,290.16
2015-07-30,290.15,290.15,285.51,286.8
2015-07-31,286.8,288.58,281.77,285.19
2015-08-03,281.22,284.79,279.33,282.62
2015-08-04,282.59,285.18,280.42,284.92
2015-08-05,284.87,285.04,281.02,281.99
2015-08-06,281.98,282.29,277.87,278.2
2015-08-07,278.16,279.73,275.49,279.02
2015-08-10,264.34,266.35,261.96,263.51
2015-08-11,263.59,268.9,263.35,268.68
2015-08-12,268.61,271.2,264.82,268.44
2015-08-13,268.39,268.92,262.17,264.01
2015-08-14,264.01,267.06,261.13,266.45
2015-08-17,258.23,259.64,256.06,257.18
2015-08-18,257.16,257.39,246.85,251.38
2015-08-19,251.23,251.35,214.03,223.16
2015-08-20,223.08,236.63,222.05,235.57
2015-08-21,235.65,235.86,230.82,232.35
2015-08-24,226.69,227.92,209.18,209.27
2015-08-25,208.79,226.28,198.23,221.09
2015-08-26,221.28,230.4,219.71,225.89
2015-08-27,225.86,228.04,223.49,226.39
2015-08-28,226.35,234.72,219.91,232.78
2015-08-31,226.99,231.88,224.81,229.84
2015-09-01,229.84,231.21,226.08,226.73
2015-09-02,226.73,230.06,225.67,228.75
2015-09-03,228.81,229.25,226.23,226.5
2015-09-04,226.61,230.51,226.12,230.4
2015-09-07,240.67,242.17,238.34,240.8
2015-09-08,240.78,245.82,239.46,243.39
2015-09-09,243.39,244.49,237.41,238.28
2015-09-10,238.27,240.72,235.68,238.95
2015-09-11,238.94,241.15,238.36,239.63
2015-09-14,229.22,232.49,227.78,231.64
2015-09-15,231.62,231.65,229.41,229.54
2015-09-16,229.56,231.01,226.69,228.3
2015-09-17,228.36,234.62,228.28,233.04
2015-09-18,233.02,234.31,231.77,233.13
2015-09-21,231.1,231.27,226.41,227.54
2015-09-22,227.49,232.11,224.6,229.67
2015-09-23,229.68,231.74,229.15,229.87
2015-09-24,229.86,235.54,229.62,233.97
2015-09-25,234.02,237.11,232.49,235.26
2015-09-28,233.02,239.52,232.73,238.94
2015-09-29,238.97,240.32,236.16,237.33
2015-09-30,237.361,238.118,235.438,236.647
2015-10-01,236.63,238.95,235.96,237.86
2015-10-02,237.82,238.83,237.03,237.26
2015-10-05,238.58,240.21,237.22,240.15
2015-10-06,240.15,247.57,240,245.6
2015-10-07,245.66,246.96,243.77,243.77
2015-10-08,243.75,244.71,242.7,243.32
2015-10-09,243.23,244.45,242.36,244.02
2015-10-12,247.36,247.77,245.07,245.82
2015-10-13,245.82,250.55,243.89,249.17
2015-10-14,249.17,254.93,249.04,253.48
2015-10-15,253.53,256.67,252.54,254.41
2015-10-16,254.43,266.96,254.02,265.32
2015-10-19,262.81,265.54,261.64,263.61
2015-10-20,263.53,272.22,263.42,268.7
2015-10-21,268.73,271.59,264.12,267.71
2015-10-22,267.76,278.61,267,273.89
2015-10-23,273.9,279.11,273.42,277.29
2015-10-26,287,287.93,280.9,285.28
2015-10-27,285.38,297.16,285.32,294.31
2015-10-28,294.33,306.6,294.22,302.76
2015-10-29,303.04,318.73,301.06,314.96
2015-10-30,314.961,333.745,313.136,319.826
2015-11-02,324.72,362.03,322.06,360.56
2015-11-03,360.08,416.62,355.81,398.3
2015-11-04,397.95,492.39,374.39,388.71
2015-11-05,392.25,447.25,368.13,390.96
2015-11-06,390.81,395.99,353.62,372.63
2015-11-09,374.07,386.64,361.55,382.1
2015-11-10,381.72,381.91,326.33,331.42
2015-11-11,333.39,341.32,298.75,307.48
2015-11-12,306.72,345.6,305.43,332.98
2015-11-13,332.76,342.57,325.73,331.97
2015-11-16,320.71,333.01,316.87,329.79
2015-11-17,329.76,340.34,329.55,337.33
2015-11-18,337.35,337.35,329.91,336.04
2015-11-19,335.93,336.44,325.98,327.15
2015-11-20,327.15,327.26,311.75,319.3
2015-11-23,323.94,326.05,321.26,323.24
2015-11-24,323.28,323.28,317.44,320.03
2015-11-25,320.1,330.56,316.27,327.7
2015-11-26,327.75,368.46,327.75,351.47
2015-11-27,351.41,364.06,347.84,358.73
2015-11-30,373.106,382.497,369.344,378.243
2015-12-01,378.229,379.204,355.454,363.174
2015-12-02,363.187,363.187,348.117,359.751
2015-12-03,359.712,370.796,356.24,361.115
2015-12-04,361.13,364.18,355.43,362.04
2015-12-07,394.6,399.84,383.67,396.21
2015-12-08,396.18,398.31,389.59,395.77
2015-12-09,395.91,423.89,395.85,417.29
2015-12-10,417.397,419.974,411.286,416.025
2015-12-11,416.112,453.268,415.213,451.569
2015-12-14,435.45,447.77,429.15,443.01
2015-12-15,443.22,465.22,442.5,463.84
2015-12-16,463.757,465.658,440.199,454.483
2015-12-17,454.525,458.463,449.62,455.685
2015-12-18,455.705,466.461,454.525,463.865
2015-12-21,442.478,445.534,425.026,434.707
2015-12-22,434.915,443.223,433.783,435.426
2015-12-23,435.369,445.196,434.991,442.654
2015-12-24,442.693,459.834,442.165,454.38
2015-12-28,423.962,429.092,417.362,421.017
2015-12-29,421.106,432.246,419.164,429.387
2015-12-30,429.406,434.216,421.141,427.077
2015-12-31,427.095,433.032,417.693,430.496
2016-01-04,429.258,435.142,429.148,435.01
2016-01-05,434.972,434.972,429.092,432.283
2016-01-06,432.395,432.395,426.167,431.332
2016-01-07,431.332,457.268,428.835,456.121
2016-01-08,456.267,463.951,447.387,452.817
2016-01-11,447.147,451.427,443.262,448.43
2016-01-12,448.35,448.853,444.543,445.931
2016-01-13,446.05,446.229,422.208,432.638
2016-01-14,432.62,433.67,427.022,430.163
2016-01-15,430.163,430.163,384.689,389.879
2016-01-18,386.264,387.477,374.49,385.342
2016-01-19,385.089,386.638,376.719,380.3
2016-01-20,380.46,415.628,374.223,415.628
2016-01-21,416.493,424.646,405.433,412.15
2016-01-22,412.099,412.099,374.181,379.867
2016-01-25,402.852,403.991,386.518,392.866
2016-01-26,392.804,397.567,388.772,393.84
2016-01-27,394.275,396.574,388.033,394.54
2016-01-28,394.586,395.038,377.088,379.089
2016-01-29,379.104,384.482,363.636,375.235
2016-02-01,374.462,378.515,364.285,370.727
2016-02-02,370.755,374.827,370.755,373.315
2016-02-03,373.288,373.79,366.314,367.634
2016-02-04,367.607,391.267,367.458,388.727
2016-02-05,388.44,391.053,384.556,386.354
2016-02-08,375.502,378.687,371.016,371.223
2016-02-09,371.223,376.279,370.769,373.888
2016-02-10,373.902,383.568,372.926,379.276
2016-02-11,379.363,381.199,373.218,376.676
2016-02-12,376.549,383.539,376.364,382.044
2016-02-15,404.367,410.24,395.476,398.359
2016-02-16,398.438,408.13,398.327,406.868
2016-02-17,406.884,421.017,405.877,418.918
2016-02-18,418.533,424.989,414.508,422.386
2016-02-19,422.262,422.44,415.679,419.147
2016-02-22,439.174,439.657,432.657,437.541
2016-02-23,437.637,440.703,415.61,420.716
2016-02-24,420.787,424.845,411.117,423.531
2016-02-25,423.639,427.022,418.183,422.958
2016-02-26,422.905,425.478,419.533,423.549
2016-02-29,432.283,441.657,430.089,437.197
2016-03-01,436.967,438.539,428.504,432.208
2016-03-02,432.152,434.915,423.783,424.845
2016-03-03,424.701,425.116,415.628,420.186
2016-03-04,420.203,422.565,411.929,412.882
2016-03-07,408.363,414.182,402.414,413.753
2016-03-08,413.753,415.507,408.48,411.828
2016-03-09,411.811,413.787,408.797,411.929
2016-03-10,411.913,416.389,410.88,416.112
2016-03-11,416.043,421.941,415.628,418.848
2016-03-14,412.456,415.403,412.048,414.113
2016-03-15,414.113,417.119,412.694,415.489
2016-03-16,415.541,416.25,413.805,416.198
2016-03-17,416.25,419.498,416.025,418.445
2016-03-18,418.463,418.655,403.616,405.499
2016-03-21,410.998,411.896,406.934,411.049
2016-03-22,411.1,417.153,410.458,416.302
2016-03-23,416.32,418.55,415.662,418.043
2016-03-24,417.99,418.043,413.479,414.886
2016-03-28,425.659,425.713,421.443,422.262
2016-03-29,422.208,424.466,407.88,414.766
2016-03-30,414.731,415.8,408.948,412.933
2016-03-31,412.916,416.945,412.286,416.095
2016-04-01,416.164,416.753,414.096,416.129
2016-04-04,418.358,419.78,417.415,419.094
2016-04-05,419.006,423.245,418.831,421.514
2016-04-06,421.532,422.994,421.141,421.923
2016-04-07,422.012,422.155,418.743,421.674
2016-04-08,421.674,423.567,416.32,418.375
2016-04-11,421.461,422.708,419.375,422.172
2016-04-12,422.155,427.789,422.155,425.858
2016-04-13,425.949,427.095,422.922,424.556
2016-04-14,424.574,425.786,423.101,424.827
2016-04-15,424.881,429.997,424.646,429.609
2016-04-18,427.991,430.089,426.985,428.174
2016-04-19,428.174,432.171,428.009,431.742
2016-04-20,431.648,443.971,431.444,442.048
2016-04-21,441.755,451.773,441.306,449.984
2016-04-22,450.086,452.796,443.892,449.398
2016-04-25,458.61,467.246,455.955,467.181
2016-04-26,467.508,470.168,462.449,467.902
2016-04-27,467.749,468.823,447.908,450.369
2016-04-28,450.45,451.284,435.275,449.176
2016-04-29,449.035,455.768,446.13,455.726
2016-05-02,452.755,453.432,439.889,445.474
2016-05-03,445.335,451.202,441.989,450.735
2016-05-04,450.755,451.447,445.434,447.027
2016-05-05,447.247,449.458,445.831,449.095
2016-05-06,449.115,456.579,447.347,456.579
2016-05-09,458.652,464.209,457.143,459.812
2016-05-10,459.791,463.049,447.748,452.202
2016-05-11,452.161,454.938,449.6,451.896
2016-05-12,451.794,452.96,447.728,452.509
2016-05-13,452.53,456.496,452.386,455.602
2016-05-16,458.043,458.863,451.304,454.318
2016-05-17,454.318,454.897,452.468,453.453
2016-05-18,453.432,455.726,452.304,454.649
2016-05-19,454.649,454.669,441.755,441.969
2016-05-20,441.696,444.069,435.616,441.911
2016-05-23,439.522,443.046,438.347,442.772
2016-05-24,442.693,446.468,442.635,445.732
2016-05-25,445.732,449.984,444.899,448.873
2016-05-26,448.853,453.906,447.387,453.741
2016-05-27,453.762,479.386,453.412,473.149
2016-05-30,525.403,541.771,512.033,532.311
2016-05-31,532.708,546.866,519.94,527.232
2016-06-01,527.398,543.626,525.652,536.021
2016-06-02,536.021,540.687,532.68,536.942
2016-06-03,536.884,574.416,536.711,570.939
2016-06-06,572.77,586.648,572.41,583.533
2016-06-07,583.26,590.947,565.163,575.705
2016-06-08,575.838,582.174,573.427,581.835
2016-06-09,582.072,583.976,572.05,576.103
2016-06-10,576.203,579.878,573.658,578.771
2016-06-13,670.961,719.839,663.394,702.247
2016-06-14,703.037,706.914,661.594,689.37
2016-06-15,688.753,697.107,673.265,691.946
2016-06-16,692.042,772.559,691.898,772.082
2016-06-17,771.486,776.518,710.53,757.002
2016-06-20,764.468,765.931,726.111,738.116
2016-06-21,737.409,738.934,631.712,656.125
2016-06-22,654.493,678.196,610.314,621.157
2016-06-23,621.118,633.834,551.907,621.195
2016-06-24,621.118,680.18,617.132,661.288
2016-06-27,630.994,651.508,620.078,645.703
2016-06-28,645.619,661.332,636.699,648.677
2016-06-29,648.761,651.678,624.766,636.659
2016-06-30,636.821,674.036,634.276,667.78
2016-07-01,667.735,684.791,667.557,677.048
2016-07-04,660.764,682.128,646.747,678.841
2016-07-05,678.841,682.408,662.208,670.196
2016-07-06,670.241,680.226,665.868,676.087
2016-07-07,676.224,679.902,611.471,625.626
2016-07-08,627.549,655.093,626.802,654.579
2016-07-11,649.266,660.458,644.745,649.351
2016-07-12,649.351,674.491,646.538,670.646
2016-07-13,670.646,675.083,658.501,660.677
2016-07-14,661.201,663.658,651.466,661.419
2016-07-15,661.332,666.4,658.501,664.099
2016-07-18,679.117,682.175,667.423,673.582
2016-07-19,673.627,675.174,667.423,670.286
2016-07-20,670.286,674.627,662.603,665.513
2016-07-21,665.513,667.156,659.674,665.026
2016-07-22,665.026,667.2,650.66,656.426
2016-07-25,661.07,662.164,653.125,656.728
2016-07-26,656.771,656.771,644.662,655.179
2016-07-27,655.179,659.5,647.92,655.996
2016-07-28,656.168,658.631,654.151,656.082
2016-07-29,655.996,657.722,654.365,657.333
2016-08-01,631.592,633.714,611.958,617.208
2016-08-02,617.284,617.475,555.093,555.617
2016-08-03,555.124,569.703,486.31,566.027
2016-08-04,565.547,583.294,560.758,568.343
2016-08-05,568.958,582.649,567.537,574.449
2016-08-08,590.737,593.789,586.923,591.856
2016-08-09,591.891,591.996,583.839,585.343
2016-08-10,585.343,599.844,583.09,595.167
2016-08-11,595.167,597.479,588.305,590.354
2016-08-12,590.319,590.772,581.869,585.617
2016-08-15,570.321,574.416,560.193,567.634
2016-08-16,567.569,580.518,565.451,578.804
2016-08-17,578.469,580.046,568.473,571.69
2016-08-18,571.69,576.17,571.07,573.066
2016-08-19,573,575.904,571.559,574.614
2016-08-22,579.307,586.201,578.436,585.309
2016-08-23,585.001,586.717,578.102,581.463
2016-08-24,581.463,582.004,577.067,578.369
2016-08-25,578.369,578.737,573.099,575.672
2016-08-26,575.904,578.369,574.614,578.135
2016-08-29,572.279,575.374,571.461,572.508
2016-08-30,572.508,576.868,571.233,576.868
2016-08-31,576.868,576.868,570.809,572.344
2016-09-01,572.279,573.132,568.861,570.809
2016-09-02,570.548,575.242,569.314,573.329
2016-09-05,605.987,609.793,600.492,607.423
2016-09-06,607.128,610.538,604.23,609.83
2016-09-07,609.979,615.309,607.238,613.911
2016-09-08,613.911,628.733,613.121,623.947
2016-09-09,623.947,626.017,617.551,620.232
2016-09-12,603.646,606.833,603.1,605.987
2016-09-13,606.024,608.939,605.18,608.384
2016-09-14,608.347,609.607,605.437,608.939
2016-09-15,608.939,609.162,604.668,605.767
2016-09-16,605.877,608.532,604.997,606.796
2016-09-19,608.828,609.719,606.171,607.681
2016-09-20,607.681,608.754,606.281,607.792
2016-09-21,607.829,608.014,590.877,595.451
2016-09-22,595.486,596.944,594.849,595.77
2016-09-23,595.77,601.287,593.754,600.745
2016-09-26,599.125,607.349,598.122,606.575
2016-09-27,606.465,607.533,601.395,603.209
2016-09-28,603.245,604.778,602.265,603.61
2016-09-29,603.61,606.024,602.482,605.804
2016-09-30,605.804,606.318,603.5,605.62
2016-10-03,609.793,612.632,609.645,611.77
2016-10-04,611.808,612.407,607.681,608.532
2016-10-05,608.495,612.783,607.903,611.808
2016-10-06,611.808,611.995,610.091,610.986
2016-10-07,610.986,617.284,609.793,615.574
2016-10-10,614.59,616.561,613.836,616.409
2016-10-11,616.333,639.959,615.877,637.552
2016-10-12,637.552,640.902,634.357,634.84
2016-10-13,634.84,637.796,633.834,635.728
2016-10-14,635.405,639.264,631.991,638.162
2016-10-17,640.533,640.861,636.132,636.821
2016-10-18,636.821,637.755,632.751,633.834
2016-10-19,633.874,636.375,625.274,627.51
2016-10-20,627.51,629.644,626.096,628.733
2016-10-21,628.694,632.311,628.101,630.279
2016-10-24,649.182,650.364,645.494,648.424
2016-10-25,648.466,655.48,647.752,654.022
2016-10-26,654.108,676.544,646.705,672.314
2016-10-27,672.269,685.213,667.913,679.117
2016-10-28,679.071,688.279,678.933,686.577
2016-10-31,694.252,707.464,682.082,699.105
2016-11-01,699.35,735.835,697.156,727.802
2016-11-02,727.802,731.743,719.632,731.743
2016-11-03,732.332,744.879,673.718,678.334
2016-11-04,678.242,706.314,675.767,697.204
2016-11-07,713.572,713.827,700.035,706.764
2016-11-08,706.864,714.082,702.001,710.682
2016-11-09,710.682,738.989,707.764,720.305
2016-11-10,720.305,722.439,708.015,711.44
2016-11-11,711.44,718.288,711.44,714.694
2016-11-14,702.494,707.364,698.519,706.614
2016-11-15,706.614,716.23,705.368,711.592
2016-11-16,711.693,744.602,709.522,738.662
2016-11-17,739.153,752.049,736.757,736.865
2016-11-18,736.757,751.145,732.225,744.048
2016-11-21,728.014,738.607,727.908,737.898
2016-11-22,737.79,750.807,732.386,747.719
2016-11-23,747.608,749.12,732.225,740.905
2016-11-24,740.905,743.605,728.014,735.889
2016-11-25,735.943,737.028,728.385,735.943
2016-11-28,730.034,734.484,727.749,731.689
2016-11-29,731.422,734.43,728.597,731.315
2016-11-30,731.368,744.048,730.727,741.84
2016-12-01,741.84,754.774,741.84,753.125
2016-12-02,753.125,778.15,752.842,768.994
2016-12-05,763.884,766.812,745.712,753.296
2016-12-06,753.352,759.878,750.525,758.956
2016-12-07,758.956,768.344,752.162,765.814
2016-12-08,765.755,771.426,761.441,768.935
2016-12-09,768.935,772.499,766.284,769.586
2016-12-12,768.226,779.362,768.167,778.21
2016-12-13,778.089,788.457,766.93,778.877
2016-12-14,778.877,779.606,771.426,775.494
2016-12-15,775.494,778.21,774.954,776.217
2016-12-16,776.156,781.067,772.618,779.788
2016-12-19,788.146,792.267,787.898,789.64
2016-12-20,789.453,794.913,788.457,794.218
2016-12-21,794.723,829.6,794.597,825.832
2016-12-22,825.764,874.126,825.491,861.326
2016-12-23,861.104,911.993,858.516,895.897
2016-12-27,900.739,938.086,900.009,928.764
2016-12-28,928.678,972.952,927.73,972.384
2016-12-29,972.763,982.898,949.577,966.464
2016-12-30,966.557,972.101,929.023,960.523
2017-01-02,999.7,1033.06,995.421,1021.97
2017-01-03,1021.97,1030.18,1015.54,1028.28
2017-01-04,1028.28,1141.03,1027.01,1133.92
2017-01-05,1134.69,1153,887.469,1011.33
2017-01-06,1011.02,1029.12,867.152,886.839
2017-01-09,912.492,913.993,878.117,899.2
2017-01-10,899.604,914.077,897.585,906.947
2017-01-11,906.947,919.54,752.106,782.779
2017-01-12,783.822,828.089,746.269,813.273
2017-01-13,813.074,829.807,774.353,820.143
2017-01-16,817.728,834.725,817.728,829.187
2017-01-17,829.256,908.1,826.72,904.814
2017-01-18,904.895,914.829,848.608,873.134
2017-01-19,873.057,905.387,872.676,893.735
2017-01-20,893.735,899.766,882.301,895.736
2017-01-23,919.456,926.956,913.075,920.726
2017-01-24,920.81,923.702,887.942,887.942
2017-01-25,888.81,902.772,884.799,893.575
2017-01-26,893.575,919.118,893.096,916.003
2017-01-27,916.003,921.574,909.422,919.371
2017-01-30,914.913,921.574,912.992,921.15
2017-01-31,921.15,969.838,920.048,966.931
2017-02-01,967.024,987.167,964.413,986.291
2017-02-02,985.707,1010.1,977.517,1008.37
2017-02-03,1007.66,1024.17,995.917,1013.07
2017-02-06,1013.68,1030.4,1012.86,1025.43
2017-02-07,1025.64,1054.74,1023.96,1051.75
2017-02-08,1051.75,1069.98,1018.23,1057.42
2017-02-09,1057.53,1077.82,942.418,980.392
2017-02-10,980.681,993.937,954.29,989.022
2017-02-13,1000.7,1007.25,976.276,998.702
2017-02-14,998.602,1016.47,987.362,1009.9
2017-02-15,1010.1,1011.33,1001,1010.2
2017-02-16,1010.1,1039.83,1008.67,1033.59
2017-02-17,1033.06,1058.31,1027.96,1056.97
2017-02-20,1054.63,1062.59,1045.81,1061.01
2017-02-21,1061.01,1125.11,1061.01,1122.96
2017-02-22,1122.96,1132.5,1101.93,1122.46
2017-02-23,1122.46,1176.61,1119.44,1176.33
2017-02-24,1175.92,1206.42,1101.44,1165.37
2017-02-27,1177.72,1196.74,1173.16,1190.05
2017-02-28,1190.05,1210.21,1176.89,1192.75
2017-03-01,1192.61,1228.65,1187.37,1225.79
2017-03-02,1226.54,1284.36,1216.1,1263.58
2017-03-03,1263.26,1293.49,1258.49,1280.08
2017-03-06,1276.49,1285.18,1268.87,1279.43
2017-03-07,1279.59,1282.38,1188.21,1230.92
2017-03-08,1230.47,1239.77,1152.87,1165.5
2017-03-09,1169.32,1208.61,1135.07,1188.78
2017-03-10,1189.06,1325.73,1178.55,1284.52
2017-03-13,1231.98,1247.19,1216.25,1243.32
2017-03-14,1243.47,1257.86,1227.14,1246.11
2017-03-15,1246.11,1259.6,1245.17,1259.6
2017-03-16,1259.92,1260.56,1132.5,1173.98
2017-03-17,1174.54,1185.96,1094.33,1110.62
2017-03-20,1037.99,1052.19,1011.22,1042.32
2017-03-21,1042.21,1119.07,1035.2,1115.32
2017-03-22,1115.32,1115.7,990.688,1022.81
2017-03-23,1025.43,1053.19,1016.78,1025.43
2017-03-24,1024.38,1032.31,961.816,961.816
2017-03-27,950.661,1033.06,949.758,1033.06
2017-03-28,1034.88,1064.51,1017.19,1035.3
2017-03-29,1035.41,1056.86,1010,1044.28
2017-03-30,1044.39,1051.86,1023.23,1035.3
2017-03-31,1035.52,1087.78,1029.12,1076.89
2017-04-03,1100.72,1155.27,1097.33,1153.67
2017-04-04,1153.8,1161.31,1125.87,1139.34
2017-04-05,1139.47,1145.87,1113.09,1126.51
2017-04-06,1126.63,1202.79,1122.08,1197.32
2017-04-07,1197.6,1199.9,1176.33,1198.9
2017-04-10,1211.24,1219.07,1202.79,1205.11
2017-04-11,1205.11,1232.13,1204.24,1229.11
2017-04-12,1229.86,1230.01,1214.92,1216.99
2017-04-13,1216.84,1222.2,1154.87,1178
2017-04-14,1178.27,1197.46,1169.86,1185.96
2017-04-17,1188.07,1206.85,1181.75,1200.77
2017-04-18,1200.48,1222.34,1199.62,1216.4
2017-04-19,1216.25,1224.89,1209.19,1221.75
2017-04-20,1221.15,1262.79,1220.41,1248.44
2017-04-21,1247.97,1275.02,1247.82,1250.78
2017-04-24,1244.86,1250.47,1238.08,1249.06
2017-04-25,1249.22,1270.65,1248.13,1263.1
2017-04-26,1263.1,1307.36,1262.31,1289.66
2017-04-27,1289.49,1335.65,1283.37,1329.96
2017-04-28,1330.67,1343.54,1282.87,1295
2017-05-01,1344.81,1426.53,1342.64,1420.86
2017-05-02,1420.66,1466.92,1397.04,1425.31
2017-05-03,1425.11,1494.54,1424.1,1476.89
2017-05-04,1477.32,1594.64,1442.79,1504.44
2017-05-05,1504.21,1591.85,1490.31,1503.99
2017-05-08,1543.21,1623.38,1542.73,1612.9
2017-05-09,1612.38,1753.46,1609.01,1699.81
2017-05-10,1700.97,1764.29,1690.33,1743.07
2017-05-11,1743.07,1839.25,1732.2,1803.75
2017-05-12,1804.08,1809.63,1644.74,1665.28
2017-05-15,1768.35,1773.36,1652.07,1698.95
2017-05-16,1701.26,1737.32,1657,1714.38
2017-05-17,1714.68,1822.49,1688.62,1782.21
2017-05-18,1782.21,1880.05,1780.31,1877.58
2017-05-19,1877.93,1955.8,1877.23,1931.62
2017-05-22,2035.42,2289.38,2034.17,2174.86
2017-05-23,2175.33,2290.95,2062.28,2276.35
2017-05-24,2276.35,2537.43,2272.73,2502.5
2017-05-25,2501.25,2791.74,2351.83,2585.32
2017-05-26,2592.02,2639.92,2066.97,2272.73
2017-05-29,2188.66,2339.73,2135.38,2325.58
2017-05-30,2326.66,2336.99,2218.77,2223.21
2017-05-31,2224.2,2351.28,2152.85,2307.34
2017-06-01,2305.21,2490.04,2302.56,2438.43
2017-06-02,2437.84,2482.01,2414.29,2440.81
2017-06-05,2534.21,2712.97,2526.53,2682.4
2017-06-06,2681.68,2967.36,2681.68,2906.98
2017-06-07,2908.67,2925.69,2691.79,2700.51
2017-06-08,2688.17,2816.9,2625.36,2798.77
2017-06-09,2798.77,2874.39,2787.07,2852.25
2017-06-12,2993.12,3041.36,2532.93,2693.97
2017-06-13,2699.78,2802.69,2634.35,2732.99
2017-06-14,2730.75,2828.85,2479.54,2491.28
2017-06-15,2498.75,2553.63,2185.79,2430.13
2017-06-16,2431.91,2554.93,2366.3,2554.93
2017-06-19,2552.32,2637.83,2535.5,2622.61
2017-06-20,2623.29,2820.87,2623.29,2802.69
2017-06-21,2802.69,2828.85,2688.17,2701.24
2017-06-22,2698.33,2768.55,2644.1,2742.73
2017-06-23,2743.48,2783.19,2726.28,2766.25
2017-06-26,2571.36,2632.96,2391.2,2480.16
2017-06-27,2478.93,2529.08,2333.72,2475.86
2017-06-28,2475.25,2619.17,2475.25,2617.8
2017-06-29,2615.06,2620.55,2531,2583.31
2017-06-30,2583.98,2585.98,2524.61,2545.82
2017-07-03,2532.29,2619.86,2504.38,2602.81
2017-07-04,2602.81,2659.57,2580.65,2607.56
2017-07-05,2607.56,2642.71,2560.82,2632.96
2017-07-06,2633.66,2649.01,2592.69,2615.75
2017-07-07,2616.43,2627.43,2509.41,2545.82
2017-07-10,2554.28,2554.28,2368.55,2373.61
2017-07-11,2377.56,2428.36,2293.05,2357.93
2017-07-12,2360.72,2432.5,2272.21,2407.9
2017-07-13,2407.32,2448.58,2336.45,2356.82
2017-07-14,2359.05,2376.43,2198.77,2220.74
2017-07-17,1924.56,2199.25,1914.61,2181.03
2017-07-18,2178.17,2407.32,2175.33,2375.3
2017-07-19,2375.3,2413.71,2258.36,2295.68
2017-07-20,2290.95,2783.96,2280.5,2759.38
2017-07-21,2761.67,2946.38,2639.22,2649.71
2017-07-24,2783.96,2813.73,2720.35,2770.85
2017-07-25,2770.08,2799.55,2485.09,2595.38
2017-07-26,2593.36,2632.96,2433.68,2483.24
2017-07-27,2481.39,2680.25,2479.54,2672.37
2017-07-28,2675.23,2832.86,2666.67,2772.39
2017-07-31,2738.98,2902.76,2707.09,2872.74
2017-08-01,2870.26,2924.83,2670.23,2724.8
2017-08-02,2725.54,2765.49,2681.68,2693.24
2017-08-03,2695.42,2822.47,2688.17,2806.62
2017-08-04,2807.41,2896.03,2797.2,2854.7
2017-08-07,3297.07,3451.85,3222.69,3400.2
2017-08-08,3401.36,3524.85,3376.1,3459.01
2017-08-09,3461.41,3490.4,3280.84,3386.39
2017-08-10,3387.53,3474.64,3338.9,3462.6
2017-08-11,3462.6,3586.8,3428.18,3571.43
2017-08-14,4156.28,4351.61,4032.26,4351.61
2017-08-15,4351.61,4484.3,3892.57,4173.62
2017-08-16,4180.6,4411.12,3985.65,4378.28
2017-08-17,4372.54,4522.84,4235.49,4353.5
2017-08-18,4353.5,4407.23,4089.98,4173.62
2017-08-21,4178.85,4192.87,4032.26,4089.98
2017-08-22,4088.31,4198.15,3687.32,4152.82
2017-08-23,4151.1,4299.23,4096.68,4144.22
2017-08-24,4147.66,4299.23,4137.36,4288.16
2017-08-25,4286.33,4496.4,4278.99,4378.28
2017-08-28,4395.6,4432.62,4239.08,4426.74
2017-08-29,4430.66,4703.67,4399.47,4670.71
2017-08-30,4668.53,4708.1,4545.45,4631.77
2017-08-31,4627.49,4803.07,4623.21,4766.44
2017-09-01,4766.44,4892.37,4725.9,4892.37
2017-09-04,4631.77,4646.84,4168.4,4416.96
2017-09-05,4407.23,4482.29,4037.14,4416.96
2017-09-06,4418.91,4666.36,4416.96,4614.67
2017-09-07,4612.55,4692.63,4506.53,4631.77
2017-09-08,4631.77,4699.25,4214.08,4214.08
2017-09-11,4208.75,4334.63,4108.46,4187.6
2017-09-12,4187.6,4368.72,4066.69,4182.35
2017-09-13,4182.35,4182.35,3766.48,3916.96
2017-09-14,3916.96,3960.4,3277.61,3307.97
2017-09-15,3301.42,3748.13,2950.72,3637.69
2017-09-18,3713.33,4065.04,3671.07,4040.4
2017-09-19,4042.04,4079.97,3847.63,3901.68
2017-09-20,3904.72,4020.91,3827.02,3932.36
2017-09-21,3930.82,3949.45,3584.23,3653.64
2017-09-22,3652.3,3748.13,3518.65,3585.51
2017-09-25,3664.35,3969.83,3661.66,3951.01
2017-09-26,3957.26,3968.25,3865.48,3918.5
2017-09-27,3915.43,4194.63,3891.05,4194.63
2017-09-28,4194.63,4278.99,4133.94,4184.1
2017-09-29,4187.6,4228.33,4027.39,4166.67
2017-10-02,4344.05,4462.29,4344.05,4387.89
2017-10-03,4387.89,4428.7,4246.28,4286.33
2017-10-04,4284.49,4345.94,4189.36,4215.85
2017-10-05,4217.63,4355.4,4151.1,4330.88
2017-10-06,4329,4416.96,4302.93,4344.05
2017-10-09,4582.95,4870.92,4553.73,4805.38
2017-10-10,4807.69,4909.18,4750.59,4830.92
2017-10-11,4830.92,4882.81,4725.9,4810
2017-10-12,4807.69,5385.03,4803.07,5288.21
2017-10-13,5293.81,5854.8,5291.01,5509.64
2017-10-16,5564.83,5750.43,5564.83,5707.76
2017-10-17,5707.76,5790.39,5521.81,5577.24
2017-10-18,5577.24,5602.24,5109.86,5500.55
2017-10-19,5500.55,5733.94,5500.55,5714.29
2017-10-20,5717.55,6049.61,5611.67,6049.61
2017-10-23,5903.19,6049.61,5652.91,5889.28
2017-10-24,5885.82,5917.16,5470.46,5470.46
2017-10-25,5464.48,5707.76,5373.46,5678.59
2017-10-26,5675.37,5977.29,5640.16,5824.11
2017-10-27,5827.51,5995.2,5691.52,5740.53
2017-10-30,6172.84,6218.91,6027.73,6097.56
2017-10-31,6101.28,6414.37,6090.13,6385.7
2017-11-01,6385.7,6671.11,6357.28,6662.23
2017-11-02,6666.67,7352.94,6644.52,7022.47
2017-11-03,7022.47,7451.56,6944.44,7235.89
2017-11-06,7347.54,7423.9,6949.27,6988.12
2017-11-07,6983.24,7220.22,6934.81,7077.14
2017-11-08,7077.14,7880.22,7077.14,7396.45
2017-11-09,7401.92,7490.64,7057.16,7112.38
2017-11-10,7117.44,7331.38,6422.61,6439.15
2017-11-13,5675.37,6770.48,5621.14,6447.45
2017-11-14,6447.45,6729.48,6426.74,6574.62
2017-11-15,6574.62,7336.76,6540.22,7251.63
2017-11-16,7251.63,7980.85,7122.51,7782.1
2017-11-17,7794.23,8000,7535.8,7698.23
2017-11-20,8025.68,8271.3,7942.81,8257.64
2017-11-21,8257.64,8361.2,7818.61,7980.85
2017-11-22,7980.85,8291.87,7980.85,8264.46
2017-11-23,8264.46,8278.15,8097.17,8130.08
2017-11-24,8130.08,8333.33,7892.66,8237.23
2017-11-27,9345.79,9737.1,9285.05,9661.84
2017-11-28,9661.84,9970.09,9643.2,9940.36
2017-11-29,9930.49,11377,9293.68,9960.16
2017-11-30,9990.01,10684,9025.27,9803.92
2017-12-01,9813.54,10834,9425.07,10787
2017-12-04,11086,11561,10881,11468
2017-12-05,11481,11862,11468,11737
2017-12-06,11737,13793,11669,13793
2017-12-07,13812,16639,13333,16611
2017-12-08,16611,17153,13966,15198
